,Title,Artist,Year,Length,Popularity
0,Sunrise,Norah Jones,2004,201,71
1,Black Night,Deep Purple,2000,207,39
2,Clint Eastwood,Gorillaz,2001,341,69
3,The Pretender,Foo Fighters,2007,269,76
4,Waitin' On A Sunny Day,Bruce Springsteen,2002,256,59
5,The Road Ahead (Miles Of The Unknown),City To City,2004,247,45
6,She Will Be Loved,Maroon 5,2002,257,74
7,Knights of Cydonia,Muse,2006,366,69
8,Mr. Brightside,The Killers,2004,223,77
9,Without Me,Eminem,2002,290,82
10,Love Me Tender,Elvis Presley,2002,162,49
11,Seven Nation Army,The White Stripes,2003,232,74
12,Als Het Golft,De Dijk,2000,214,34
13,I'm going home,Ten Years After,2005,639,26
14,Fluorescent Adolescent,Arctic Monkeys,2007,173,66
15,Zonder Jou,Paul de Leeuw,2006,236,48
16,Speed of Sound,Coldplay,2005,288,69
17,Uninvited,Alanis Morissette,2005,276,57
18,Music,John Miles,2004,352,46
19,Cry Me a River,Justin Timberlake,2002,288,74
20,Fix You,Coldplay,2005,296,81
21,The Cave,Mumford & Sons,2009,218,67
22,Als De Morgen Is Gekomen,Jan Smit,2006,176,55
23,Somebody Told Me,The Killers,2004,197,69
24,Dichterbij Dan Ooit,BLØF,2002,261,16
25,Miracle,Ilse DeLange,2008,270,50
26,Smokers Outside the Hospital Doors,Editors,2007,298,56
27,Cleanin' Out My Closet,Eminem,2002,298,71
28,Der Weg,Herbert Grönemeyer,2008,259,48
29,7 Seconds (feat. Neneh Cherry),Youssou N'Dour,2004,306,59
30,The Scientist,Coldplay,2002,310,84
31,Big Log - 2006 Remaster,Robert Plant,2007,306,57
32,Chasing Pavements,Adele,2008,211,63
33,Don't Know Why,Norah Jones,2002,186,74
34,Tears Dry On Their Own,Amy Winehouse,2006,185,72
35,The Eyes of Jenny,Sandy Coast,2009,264,44
36,Iris,The Goo Goo Dolls,2007,290,75
37,The Saints Are Coming,U2,2006,202,40
38,All My Life,Foo Fighters,2002,263,72
39,De Weg,Guus Meeuwis,2005,266,42
40,Don't Let Me Be Misunderstood,Santa Esmeralda,2003,629,59
41,Traffic - Radio Edit,Tiësto,2009,177,53
42,Take Me Out,Franz Ferdinand,2004,237,74
43,American Idiot,Green Day,2004,176,78
44,Breaking the Habit,Linkin Park,2003,197,65
45,Come Undone,Robbie Williams,2002,278,56
46,Sweet Jane,Lou Reed,2008,331,43
47,Run,Snow Patrol,2004,355,65
48,"You're The First, The Last, My Everything",Barry White,2009,213,67
49,The Day After Tomorrow,Saybia,2005,234,51
50,Just Breathe,Pearl Jam,2009,216,69
51,Dansen Aan Zee,BLØF,2000,275,52
52,Goodbye My Lover,James Blunt,2005,259,69
53,The Unforgiven III,Metallica,2008,467,52
54,Hurt,Christina Aguilera,2006,243,67
55,Grounds for Divorce,Elbow,2009,219,43
56,Sometimes You Can't Make It On Your Own,U2,2004,305,57
57,"Listen (From the Motion Picture ""Dreamgirls"")",Beyoncé,2006,218,44
58,I Want It That Way,Backstreet Boys,2001,214,77
59,Goin To The Run,Golden Earring,2008,236,38
60,De Neus Umhoeg,Rowwen Hèze,2005,215,32
61,Solitary Man,Johnny Cash,2000,144,47
62,Smoorverliefd,Doe Maar,2008,195,48
63,Me Gustas Tu,Manu Chao,2001,240,70
64,Kryptonite,3 Doors Down,2000,234,77
65,Crazy,Seal,2004,357,63
66,Family Portrait,P!nk,2001,297,56
67,In The Army Now,Status Quo,2002,281,59
68,I Surrender,Saybia,2004,219,55
69,Maybe Tomorrow,Stereophonics,2003,273,64
70,Make You Feel My Love,Adele,2008,212,73
71,No One Knows,Queens of the Stone Age,2002,279,65
72,Where Do You Go To (My Lovely) - Re-Recorded,Peter Sarstedt,2008,288,58
73,The Wild Rover,The Dubliners,2008,249,46
74,Little Lion Man,Mumford & Sons,2009,247,67
75,Dirty Diana,Michael Jackson,2003,281,55
76,Ne me quitte pas,Jacques Brel,2004,229,58
77,Sad Man's Tongue,Volbeat,2007,186,57
78,Wat Zou Je Doen - Live,Marco Borsato,2006,229,30
79,One Day Like This,Elbow,2009,394,45
80,Bagagedrager,Spinvis,2002,375,45
81,Wêr Bisto,Twarres,2001,226,48
82,Only Time,Enya,2000,219,70
83,Sorry Seems To Be The Hardest Word,Blue,2004,210,58
84,Self Esteem,The Offspring,2005,258,72
85,Aanzoek Zonder Ringen,BLØF,2006,283,42
86,Modern World,Anouk,2007,210,42
87,Rosie,Claw Boys Claw,2007,264,43
88,This Is Not America - 2002 Remaster,David Bowie,2002,231,43
89,Times Like These,Foo Fighters,2002,266,65
90,De Vondeling Van Ameland,Boudewijn de Groot,2007,306,19
91,I'm Gonna Be (500 Miles),The Proclaimers,2003,219,74
92,Afscheid Nemen Bestaat Niet,Marco Borsato,2006,240,49
93,Blauwe Ruis,BLØF,2002,268,41
94,Limburg - Live,Rowwen Hèze,2008,403,32
95,21 Guns,Green Day,2009,321,75
96,Valerie (feat. Amy Winehouse) - Version Revisited,Mark Ronson,2007,219,62
97,Blaosmuziek,Gé Reinders,2005,232,38
98,Binnen,Marco Borsato,2002,275,30
99,Motorcycle Emptiness,Manic Street Preachers,2002,306,39
100,In the End,Linkin Park,2000,217,83
101,Halt mich,Herbert Grönemeyer,2008,207,44
102,Girl,Anouk,2004,211,56
103,"Trapped - Live at Meadowlands Arena, E. Rutherford, NJ - August 1984",Bruce Springsteen,2003,308,40
104,Ik Wou Dat Ik Jou Was,Veldhuis & Kemper,2003,237,58
105,Empire State of Mind (Part II) Broken Down,Alicia Keys,2009,216,75
106,Numb / Encore,JAY-Z,2004,206,75
107,Ben Ik Te Min,Armand,2009,208,47
108,All Summer Long,Kid Rock,2007,298,72
109,Forever Autumn,Jeff Wayne,2007,273,41
110,Waiting On the World to Change,John Mayer,2006,201,74
111,Everybody's Changing,Keane,2004,215,54
112,How to Save a Life,The Fray,2005,263,80
113,"Bloed, Zweet En Tranen",Andre Hazes,2002,242,59
114,"Lose Yourself - From ""8 Mile"" Soundtrack",Eminem,2005,326,77
115,Europa (Earth's Cry Heaven's Smile),Santana,2007,306,59
116,Feeling Good,Muse,2001,199,51
117,"Harder, Better, Faster, Stronger",Daft Punk,2001,225,71
118,Use Somebody,Kings of Leon,2008,231,76
119,Sweet Disposition,The Temper Trap,2009,231,64
120,Single Ladies (Put a Ring on It),Beyoncé,2008,193,70
121,You're the Voice,John Farnham,2008,302,62
122,Voltooid Verleden Tijd,IOS,2009,294,39
123,Eternal Flame,The Bangles,2004,238,70
124,Papa Was A Rolling Stone,The Temptations,2001,433,44
125,Crazy In Love (feat. Jay-Z),Beyoncé,2003,236,75
126,Best of You,Foo Fighters,2005,256,75
127,Daughters,John Mayer,2003,238,68
128,De wedstrijd,Bram Vermeulen,2006,302,42
129,Papillon,Editors,2009,324,56
130,Sadeness,Enigma,2001,256,58
131,Red Mij Niet - Single Edit,Maarten Van Roozendaal,2001,270,36
132,Love Is A Losing Game,Amy Winehouse,2006,154,67
133,Zij,Marco Borsato,2002,245,52
134,Tribute,Tenacious D,2001,248,59
135,You Know I'm No Good,Amy Winehouse,2006,257,74
136,Talk,Coldplay,2005,311,63
137,Love Is A Battlefield,Pat Benatar,2001,245,54
138,Home,Michael Bublé,2005,226,64
139,Sonne,Rammstein,2001,272,60
140,I Gotta Feeling,The Black Eyed Peas,2009,289,69
141,She Sells Sanctuary,The Cult,2000,253,63
142,Alie,Normaal,2008,181,42
143,Red Red Wine,UB40,2000,184,74
144,A Little Less Conversation - JXL Radio Edit Remix,Elvis Presley,2002,212,64
145,Love You More,Racoon,2005,197,43
146,Old Man,Neil Young,2004,203,44
147,Zij Maakt Het Verschil,De Poema's,2003,280,54
148,I Want To Hold Your Hand - Remastered 2015,The Beatles,2000,146,75
149,Black Magic Woman,Santana,2007,196,62
150,Set The Fire To The Third Bar,Snow Patrol,2006,204,49
151,Ghost Love Score,Nightwish,2004,602,38
152,Going To A Town,Rufus Wainwright,2007,245,38
153,Is Dit Alles,Doe Maar,2008,324,44
154,A Gentleman's Excuse Me,Fish,2008,259,44
155,God Put a Smile upon Your Face,Coldplay,2002,297,64
156,Heartbreak Warfare,John Mayer,2009,270,66
157,Sailing to Philadelphia,Mark Knopfler,2005,353,39
158,Accidentally In Love,Counting Crows,2004,189,59
159,It's Raining Men,The Weather Girls,2008,212,58
160,One Word,Anouk,2004,243,52
161,Goodnight Saigon,Billy Joel,2001,423,46
162,Moonlight Shadow,Mike Oldfield,2009,218,64
163,Zing - Vecht - Huil - Bid - Lach - Werk En Bewonder,Ramses Shaffy,2006,281,41
164,Uprising,Muse,2009,305,76
165,My Immortal,Evanescence,2003,263,74
166,Feel Like Flying,Racoon,2005,213,41
167,Everything,Michael Bublé,2007,212,73
168,Hey There Delilah,Plain White T's,2005,233,80
169,Speeltuin,Marco Borsato,2002,135,50
170,"Comptine d'un autre été, l'après-midi",Yann Tiersen,2001,141,56
171,Sweet Goodbyes,Krezip,2009,193,56
172,The Man Who Can't Be Moved,The Script,2008,241,64
173,"Free Fallin' - Live at the Nokia Theatre, Los Angeles, CA - December 2007",John Mayer,2008,264,75
174,Halo,Beyoncé,2008,262,78
175,Hollereer,De Jeugd Van Tegenwoordig,2008,346,46
176,Hier,BLØF,2000,248,40
177,Ice Queen,Within Temptation,2003,319,47
178,Another 45 Miles,Golden Earring,2008,284,50
179,Like a Hurricane - 2003 Remaster,Neil Young,2004,501,49
180,Father & Friend,Alain Clark,2007,256,35
181,"(I've Had) The Time of My Life - From ""Dirty Dancing"" Soundtrack",Bill Medley,2004,289,70
182,The Blower's Daughter,Damien Rice,2003,287,56
183,Magnificent,U2,2009,324,44
184,Virtual Insanity - Remastered,Jamiroquai,2006,229,69
185,Belle Hélène,Doe Maar,2008,170,49
186,Go With The Flow,Queens of the Stone Age,2002,187,58
187,Sound Of The Screameng Day,Golden Earrings,2008,171,26
188,Plug in Baby,Muse,2001,218,53
189,Heavy Cross,Gossip,2009,243,59
190,Nederwiet,Doe Maar,2008,414,39
191,Heart Of Glass,Blondie,2006,252,52
192,The Real Slim Shady,Eminem,2000,284,80
193,Stuck In A Moment You Can't Get Out Of,U2,2000,272,52
194,Tumble and Fall,JOHAN,2001,209,36
195,Les lacs du Connemara,Michel Sardou,2004,364,59
196,Hier Kom Ik Weg,Daniël Lohues,2008,208,39
197,Starlight,Muse,2006,240,73
198,Dakota,Stereophonics,2005,297,68
199,Time To Say Goodbye (Con Te Partirò),Sarah Brightman,2006,246,59
200,Green Eyes,Coldplay,2002,223,63
201,Silence (feat. Sarah McLachlan) - DJ Tiësto's In Search of Sunrise Edit,Delerium,2004,235,58
202,De Kapitein Deel II,Acda en de Munnik,2000,181,51
203,Supermassive Black Hole,Muse,2006,212,73
204,Pak Maar M'n Hand,Nick & Simon,2007,212,59
205,De Bom,Doe Maar,2008,161,49
206,Bombay,Golden Earring,2008,234,34
207,Mary Jane's Last Dance,Tom Petty and the Heartbreakers,2008,274,72
208,Oerend Hard,Normaal,2008,225,52
209,Society,Eddie Vedder,2007,236,67
210,White Flag,Dido,2003,241,54
211,Heaven Must Be Missing An Angel - Pt. 1,Tavares,2004,394,49
212,Wake Me up When September Ends,Green Day,2004,286,77
213,Can't Stop,Red Hot Chili Peppers,2002,269,80
214,Driving Home for Christmas,Chris Rea,2007,240,80
215,Mutter,Rammstein,2001,269,51
216,Pa,Doe Maar,2008,219,41
217,Blauw,The Scene,2007,236,47
218,Spicks And Specks,Bee Gees,2001,172,47
219,Stan,Eminem,2000,404,75
220,Beautiful,Christina Aguilera,2002,239,71
221,Gravity,John Mayer,2006,246,75
222,Leave the Light On,Beth Hart,2009,244,32
223,Ruthless Queen,Kayak,2009,291,32
224,Everlong - Acoustic Version,Foo Fighters,2009,251,69
225,Here Without You,3 Doors Down,2002,239,75
226,One,Mary J. Blige,2005,260,61
227,Mijn Houten Hart,De Poema's,2003,259,45
228,Mad World (Feat. Michael Andrews),Gary Jules,2002,190,70
229,Sinds 1 Dag Of 2 (32 Jaar),Doe Maar,2008,201,53
230,Feeling Good,Michael Bublé,2005,237,64
231,The Wall Street Shuffle,10cc,2004,242,46
232,Song 2,Blur,2000,122,64
233,I Would Stay,Krezip,2000,232,55
234,Piano Man,Billy Joel,2001,336,70
235,Fireflies,Owl City,2009,228,79
236,Lost,Anouk,2004,222,51
237,Woman,Wolfmother,2006,176,62
238,Where Is The Love?,The Black Eyed Peas,2003,273,66
239,Yellow,Coldplay,2000,267,82
240,This Is The Life,Amy Macdonald,2007,184,41
241,Wicked Game,Chris Isaak,2006,287,70
242,Breakeven,The Script,2008,261,74
243,Not An Addict,K's Choice,2009,288,43
244,So Incredible,Ilse DeLange,2008,177,54
245,Mr Rock & Roll,Amy Macdonald,2007,215,30
246,Will You Be There - Single Version,Michael Jackson,2005,220,53
247,Vlinder,Rowwen Hèze,2003,231,33
248,Cambodia,Kim Wilde,2006,236,51
249,Back To Black,Amy Winehouse,2006,240,77
250,Dochters,Marco Borsato,2008,270,57
251,Hocus Pocus,Focus,2001,403,53
252,Mensch,Herbert Grönemeyer,2008,270,47
253,Amsterdam,Coldplay,2002,319,57
254,Time Is Running Out,Muse,2004,237,69
255,Rain Down on Me,Kane,2003,247,47
256,Denis,Blondie,2006,139,42
257,Hometown Glory,Adele,2008,269,59
258,Live And Let Die - Live,Paul McCartney,2003,185,60
259,I Still Cry,Ilse DeLange,2000,274,30
260,Ren Lenny Ren,Acda en de Munnik,2002,233,43
261,In My Place,Coldplay,2002,227,70
262,Numb,Linkin Park,2003,186,81
263,Slow Dancing in a Burning Room,John Mayer,2006,242,76
264,Empire State Of Mind,JAY-Z,2009,277,77
265,Drops of Jupiter,Train,2001,260,77
266,Omarm,BLØF,2003,252,46
267,(What A) Wonderful World,Sam Cooke,2000,125,71
268,Teardrops,Womack & Womack,2001,229,61
269,The Rising,Bruce Springsteen,2002,287,53
270,Snow (Hey Oh),Red Hot Chili Peppers,2006,335,80
271,I Don't Wanna Hurt,Anouk,2007,213,46
272,Ordinary People,John Legend,2005,281,69
273,Iedereen Is Van De Wereld,The Scene,2007,228,50
274,Gold,Spandau Ballet,2000,231,66
275,All Night Long (All Night) - Single Version,Lionel Richie,2003,260,64
276,Can't Stop Loving You - 2016 Remaster,Phil Collins,2002,256,62
277,City Of Blinding Lights,U2,2004,346,60
278,Munich,Editors,2005,226,61
279,Hey Ya!,OutKast,2003,235,79
280,There Must Be an Angel (Playing with My Heart),Eurythmics,2005,281,40
281,Laat Me / Vivre - Lange Versie,Alderliefste met Ramses Shaffy en Liesbeth List,2005,386,43
282,Watskeburt?!,De Jeugd Van Tegenwoordig,2008,376,55
283,Feel,Robbie Williams,2002,264,72
284,Lady Jane - (Original Single Mono Version),The Rolling Stones,2004,190,34
285,La Isla Bonita,Madonna,2009,243,66
286,Go Like Elijah,Chi Coltrane,2009,242,40
287,Chop Suey!,System Of A Down,2001,210,80
288,Sorry - (Live in Tivoli),Kyteman,2009,150,47
289,Black or White - Single Version,Michael Jackson,2005,203,64
290,Shut Your Eyes,Snow Patrol,2006,197,42
291,Ironic,Alanis Morissette,2005,229,62
292,I Bet You Look Good On The Dancefloor,Arctic Monkeys,2006,174,58
293,Hurt,Johnny Cash,2002,217,75
294,Vogue,Madonna,2009,317,66
295,If I Were a Boy,Beyoncé,2008,249,68
296,Dyna-Mite,Mud,2005,177,40
297,Une Belle Histoire (Een Mooi Verhaal),Alderliefste,2008,268,38
298,Sandstorm - Radio Edit,Darude,2007,225,61
299,Right Next Door (Because Of Me),Robert Cray,2002,259,52
300,Hald Mich 'S Vas,Neet Oét Lottum,2004,251,39
301,Like a Prayer,Madonna,2009,343,71
302,Rockin' All Over The World,Status Quo,2005,217,47
303,Blue Hotel,Chris Isaak,2006,192,42
304,Dear Mr. President,P!nk,2009,281,43
305,Stiekem Gedanst,Toontje Lager,2008,215,53
306,Human,The Killers,2008,245,73
307,Lady Madonna - Remastered 2015,The Beatles,2000,137,63
308,Both Sides Now,Joni Mitchell,2000,345,65
309,God Is a DJ,Faithless,2005,209,57
310,Viva La Vida,Coldplay,2008,242,78
311,Kids,MGMT,2007,303,76
312,Bend & Break,Keane,2004,220,43
313,We Can Work It Out - Remastered 2015,The Beatles,2000,136,63
314,Sing for Absolution,Muse,2004,295,57
315,Superstition - Single Version,Stevie Wonder,2002,245,77
316,Vertigo,U2,2004,194,65
317,By the Way,Red Hot Chili Peppers,2002,217,74
318,Hey Jude,The Beatles,2006,239,63
319,November,Rowwen Hèze,2005,296,35
320,Geef Mij Je Angst,Guus Meeuwis,2006,224,54
321,Stuck In The Middle With You,Stealers Wheel,2009,204,72
322,Het Regent Zonnestralen,Acda en de Munnik,2005,226,57
323,Violet Hill,Coldplay,2008,223,61
324,Dog Days Are Over,Florence + The Machine,2009,252,69
325,Beautiful Day,U2,2000,246,63
326,Major Tom,Peter Schilling,2005,274,48
327,An End Has a Start,Editors,2007,226,53
328,Lost!,Coldplay,2008,236,53
329,What It Is,Mark Knopfler,2000,298,43
330,Blue Monday - 2016 Remaster,New Order,2005,451,73
331,Behind Blue Eyes,Limp Bizkit,2003,270,72
332,Rehab,Amy Winehouse,2006,214,74
333,Bird of Paradise,Snowy White,2003,281,52
334,I'm Yours,Jason Mraz,2008,242,82
335,Onderweg,Abel,2000,190,59
336,Mr. Bojangles - Single Version,Sammy Davis Jr.,2002,343,56
337,Unwritten,Natasha Bedingfield,2004,259,76
338,Resistance,Muse,2009,347,63
339,Bedshaped,Keane,2004,276,41
340,Mia,Gorki,2002,332,52
341,You Oughta Know,Alanis Morissette,2005,250,52
342,Overcome,Live,2001,256,49
343,Stand My Ground,Within Temptation,2004,268,56
344,Chasing Cars,Snow Patrol,2006,268,78
345,Dani California,Red Hot Chili Peppers,2006,282,76
346,Unfinished Sympathy,Massive Attack,2006,312,53
347,Nine Million Bicycles,Katie Melua,2005,197,61
348,You're Beautiful,James Blunt,2005,209,76
349,It's My Life,Bon Jovi,2000,224,77
350,Politik,Coldplay,2002,319,62
351,Mooie Dag,BLØF,2002,279,40
352,In Nije Dei,De Kast,2004,296,38
353,Sex on Fire,Kings of Leon,2008,203,79
354,Hallelujah,Lisa Lois,2009,226,49
355,Somewhere Only We Know,Keane,2004,236,67
356,Sunrise,Simply Red,2004,200,55
357,How You Remind Me,Nickelback,2001,224,78
358,When You Say Nothing At All,Ronan Keating,2000,257,74
359,Hard Sun,Eddie Vedder,2007,322,66
360,Belfast Child,Simple Minds,2008,404,43
361,Feel Good Inc.,Gorillaz,2005,223,80
362,Alles Is Liefde,BLØF,2007,210,36
363,Jerusalem,Anouk,2004,236,40
364,Mr Bojangles,Robbie Williams,2001,198,58
365,Tranen Gelachen,Guus Meeuwis,2007,203,50
366,When The Sun Goes Down,Arctic Monkeys,2006,202,57
367,Frozen,Madonna,2009,379,55
368,The Racing Rats,Editors,2007,258,43
369,Poker Face,Lady Gaga,2008,237,69
370,Life in Technicolor ii,Coldplay,2008,245,47
371,One,Johnny Cash,2000,232,47
372,Ruby,Kaiser Chiefs,2007,203,62
373,Het Land Van,Lange Frans,2005,230,49
374,Bad Romance,Lady Gaga,2009,295,79
375,Elevation,U2,2000,226,49
376,Trouble,Coldplay,2000,273,71
377,De Peel In Brand,Rowwen Hèze,2005,205,33
378,Black Betty,Ram Jam,2005,236,61
379,Wrong,Novastar,2000,214,48
380,Never Be Clever,Herman Brood & His Wild Romance,2001,183,41
381,Undisclosed Desires,Muse,2009,235,65
382,Auto Vliegtuug,Rowwen Hèze,2005,238,34
383,Meer Dan Een Ander,Van Dik Hout,2009,223,34
384,Brabant,Guus Meeuwis,2002,210,61
385,Mother Earth,Within Temptation,2003,330,45
386,One More Time,Daft Punk,2001,320,75
387,(You're The) Devil in Disguise,Elvis Presley,2002,140,65
388,TRUE - Single Edit,Spandau Ballet,2008,328,72
389,Make It Wit Chu,Queens of the Stone Age,2007,290,59
390,Bring Me To Life,Evanescence,2003,236,78
391,Clocks,Coldplay,2002,308,76
392,Farewell To The Fairground,White Lies,2009,257,54
393,Bliss,Muse,2001,251,46
394,Kijk Omhoog,Nick & Simon,2007,176,48
395,9 Crimes,Damien Rice,2006,219,57
396,Working On a Dream,Bruce Springsteen,2009,209,48
397,Nutbush City Limits,Ike & Tina Turner,2008,182,56
398,Do They Know It's Christmas? - 1984 Version,Band Aid,2004,223,84
399,Changes,2Pac,2007,269,72
400,Mag Ik Dan Bij Jou,Claudia De Breij,2010,206,53
401,Sterrenstof,De Jeugd Van Tegenwoordig,2010,221,48
402,Love Will Tear Us Apart - 2010 Remaster,Joy Division,2010,205,64
403,Mag Het Licht Uit,De Dijk,2010,259,43
404,Why Tell Me Why,Anita Meyer,2010,214,54
405,Wonderful Days,Charly Lownoise,2010,332,37
406,Dat Komt Door Jou,Guus Meeuwis,2010,287,57
407,Don't Give up the Fight,Racoon,2010,210,27
408,I Follow Rivers - Live @ Giel!,Triggerfinger,2010,214,42
409,Liverpool Rain,Racoon,2010,266,26
410,No Mercy,Racoon,2010,165,36
411,Peter Gunn Theme,"Emerson, Lake & Palmer",2010,217,14
412,Alors on danse,Stromae,2010,206,61
413,The Eve of the War,Jeff Wayne,2010,263,28
414,A Night Like This,Caro Emerald,2010,226,40
415,Raise Your Glass,P!nk,2010,203,76
416,Verdammt ich lieb dich - Remastered,Matthias Reim,2010,220,38
417,Christmas Lights,Coldplay,2010,242,84
418,The Promise You Made,Cock Robin,2010,227,48
419,Back Home,Golden Earring,2010,232,37
420,Times Are Changing,DI-RECT,2010,206,47
421,Proosten,Guus Meeuwis,2010,232,49
422,Just the Way You Are,Bruno Mars,2010,221,80
423,Need You Now,Lady Antebellum,2010,236,53
424,Man Down,Rihanna,2010,267,59
425,Pyro,Kings of Leon,2010,251,66
426,You Got It,Roy Orbison,2010,204,44
427,Atmosphere - 2010 Remaster,Joy Division,2010,249,51
428,Grenade,Bruno Mars,2010,223,75
429,Have You Ever Been Mellow,Party Animals,2010,188,47
430,Back Down South,Kings of Leon,2010,241,58
431,Riverside,Agnes Obel,2010,231,48
432,Hold On Tight,Solomon Burke,2010,324,38
433,Someone Like You,Adele,2011,285,79
434,Set Fire to the Rain,Adele,2011,242,75
435,Rainbow In The Sky - K & A's Radio Blast,DJ Paul Elstak,2011,213,60
436,Levels,Avicii,2011,339,58
437,Somebody That I Used To Know,Gotye,2011,245,76
438,Paradise,Coldplay,2011,279,78
439,Rood,Marco Borsato,2011,319,53
440,A Boy Named Sue (Live),Johnny Cash,2011,218,18
441,Still Loving You,Scorpions,2011,403,72
442,Little Black Submarines,The Black Keys,2011,251,65
443,Walk,Foo Fighters,2011,256,69
444,The A Team,Ed Sheeran,2011,258,76
445,kom terug,Spinvis,2011,231,47
446,Prachtig mooie dag,Daniël Lohues,2011,161,42
447,lippy kids,Elbow,2011,366,29
448,Titanium (feat. Sia),David Guetta,2011,245,67
449,Faster,Within Temptation,2011,264,53
450,Lonely Boy,The Black Keys,2011,194,73
451,Turning Tables,Adele,2011,250,66
452,Luv U More - K&A's Radio blast,DJ Paul,2011,232,51
453,Kan Ik Iets Voor Je Doen,De Dijk,2011,200,30
454,Driver's Seat,Sniff 'n' The Tears,2011,239,54
455,Zing Voor Me,Lange Frans,2011,216,52
456,Every Teardrop Is a Waterfall,Coldplay,2011,241,68
457,Waarom Nou Jij,Marco Borsato,2011,245,40
458,Mijn Vlakke Land,Jacques Brel,2011,173,33
459,Rumour Has It,Adele,2011,221,65
460,Keep Your Head Up,Ben Howard,2011,265,66
461,Pumped Up Kicks,Foster The People,2011,240,84
462,Happiness,Jonathan Jeremiah,2011,182,49
463,Give Me Love,Ed Sheeran,2011,526,73
464,Gold on the Ceiling,The Black Keys,2011,224,69
465,Ni**as In Paris,JAY-Z,2011,219,77
466,Run the World (Girls),Beyoncé,2011,236,75
467,I Won' T Let You Down,Road Band,2011,233,33
468,Love On Top,Beyoncé,2011,267,76
469,Lego House,Ed Sheeran,2011,185,71
470,Skinny Love,Birdy,2011,201,75
471,Dust Bowl,Joe Bonamassa,2011,273,44
472,Damn Those Eyes,Kane,2011,251,39
473,These Days,Foo Fighters,2011,298,64
474,Original Sin,INXS,2011,319,42
475,Terug Naar De Kust,Maggie MacNeal,2011,266,39
476,Georgia on My Mind,Ray Charles,2011,215,49
477,Charlie Brown,Coldplay,2011,285,67
478,I've Just Lost Somebody,Golden Earring,2011,189,27
479,Skyfall - Full Length,Adele,2012,286,74
480,Zo Stil,BLØF,2012,237,54
481,Holiday In Spain,Counting Crows,2012,233,56
482,Radioactive,Imagine Dragons,2012,187,73
483,Video Games - Remastered,Lana Del Rey,2012,282,55
484,Demons,Imagine Dragons,2012,175,73
485,She,Elvis Costello,2012,188,64
486,Just Give Me a Reason (feat. Nate Ruess),P!nk,2012,243,81
487,Try,P!nk,2012,248,73
488,I Will Wait,Mumford & Sons,2012,277,69
489,Home Again,Kensington,2012,197,44
490,Tubular Bells,Mike Oldfield,2012,809,31
491,Winter,Tori Amos,2012,345,19
492,Droomland,Andre Hazes,2012,208,42
493,Wat Zou Je Doen?,BLØF,2012,291,51
494,Madness,Muse,2012,281,70
495,Sovereign Light Café,Keane,2012,219,51
496,Can't Hold Us - feat. Ray Dalton,Macklemore & Ryan Lewis,2012,258,83
497,Lover of the Light,Mumford & Sons,2012,315,57
498,San Quentin,Johnny Cash,2012,158,27
499,On Top Of The World,Imagine Dragons,2012,190,66
500,Flappie,Youp van 't Hek,2012,206,52
501,Home Again,Michael Kiwanuka,2012,212,51
502,If You Could See Me Now,The Script,2012,220,51
503,Hall of Fame,The Script,2012,203,70
504,Dodenrit,Drs. P,2012,312,34
505,When I Was Your Man,Bruno Mars,2012,214,82
506,I Won't Give Up,Jason Mraz,2012,240,72
507,Slapeloze Nachten,The Opposites,2012,229,57
508,One Moment in Time,Whitney Houston,2012,285,54
509,Zaterdag,BLØF,2012,283,41
510,Babel,Mumford & Sons,2012,209,57
511,Hopeless Wanderer,Mumford & Sons,2012,308,58
512,Follow the Sun,Xavier Rudd,2012,255,67
513,Later Als Ik Groter Ben,BLØF,2012,205,48
514,Clown,Emeli Sandé,2012,221,46
515,Stay - Album Version (Edited),Rihanna,2012,241,66
516,Diamonds,Rihanna,2012,225,67
517,It's Time,Imagine Dragons,2012,238,66
518,Little Talks,Of Monsters and Men,2012,267,75
519,Euphoria,Loreen,2012,214,56
520,Oceaan,Racoon,2013,165,63
521,Lola Montez,Volbeat,2013,268,57
522,Wake Me Up,Avicii,2013,247,85
523,Formidable,Stromae,2013,214,49
524,Do I Wanna Know?,Arctic Monkeys,2013,272,82
525,Another Love,Tom Odell,2013,244,58
526,Hey Brother,Avicii,2013,255,78
527,I See Fire,Ed Sheeran,2013,301,64
528,This Is What It Feels Like,Armin van Buuren,2013,204,65
529,All of Me,John Legend,2013,270,86
530,Dansen Op De Vulkaan,De Dijk,2013,269,40
531,Witch Doctor,De Staat,2013,207,47
532,Diamonds,The Boxer Rebellion,2013,243,35
533,Let Her Go,Passenger,2013,253,76
534,Papaoutai,Stromae,2013,232,55
535,Strong,London Grammar,2013,266,49
536,Layla,Derek & The Dominos,2013,163,32
537,Pompeii,Bastille,2013,214,70
538,Waves,Mr. Probz,2013,174,59
539,Get Lucky (feat. Pharrell Williams & Nile Rodgers) - Radio Edit,Daft Punk,2013,248,77
540,All I Want,Kodaline,2013,306,72
541,Addicted To You,Avicii,2013,148,69
542,Animals,Martin Garrix,2013,304,65
543,Just Say Yes,Snow Patrol,2013,282,48
544,Watermensen,3JS,2013,209,36
545,Sky and Sand,Paul Kalkbrenner,2013,231,67
546,The Monster,Eminem,2013,250,75
547,Mirrors,Justin Timberlake,2013,484,77
548,Story of My Life,One Direction,2013,245,80
549,Royals,Lorde,2013,190,79
550,tous les mêmes,Stromae,2013,211,53
551,Mijn Van Straat Geredde Roos,De Dijk,2013,208,33
552,Love You Like I Love Myself,Herman Brood & His Wild Romance,2013,213,28
553,I Sat By The Ocean,Queens of the Stone Age,2013,236,66
554,Everybody (Backstreet's Back) - Radio Edit,Backstreet Boys,2013,225,62
555,A Ton of Love,Editors,2013,238,26
556,Foolish Games,Jewel,2013,243,41
557,Grow Old with Me,Tom Odell,2013,183,49
558,Things We Lost In The Fire,Bastille,2013,241,48
559,Blurred Lines,Robin Thicke,2013,264,76
560,The Road To Mandalay,Robbie Williams,2013,240,30
561,Iron Sky,Paolo Nutini,2014,373,49
562,A Sky Full of Stars,Coldplay,2014,268,78
563,Rolling In The Deep,Adele,2014,228,61
564,Streets,Kensington,2014,185,57
565,Thinking out Loud,Ed Sheeran,2014,282,84
566,Take Me to Church,Hozier,2014,242,77
567,Une belle histoire,Michel Fugain,2014,198,40
568,In Your Arms,Chef'Special,2014,215,60
569,Born Slippy (Nuxx),Underworld,2014,456,65
570,War,Kensington,2014,177,59
571,Op 't platteland,Daniël Lohues,2014,182,27
572,"Happy - From ""Despicable Me 2""",Pharrell Williams,2014,233,80
573,Calm After The Storm,The Common Linnets,2014,213,52
574,Riddles,Kensington,2014,209,52
575,Under The Pressure,The War On Drugs,2014,532,60
576,Magic,Coldplay,2014,285,73
577,Photograph,Ed Sheeran,2014,259,84
578,All For Nothing,Kensington,2014,289,47
579,My Silver Lining,First Aid Kit,2014,215,64
580,Zandloper,Typhoon,2014,280,47
581,Home,Dotan,2014,268,42
582,Red Eyes,The War On Drugs,2014,299,65
583,L'amour Toujours (Small Mix),Gigi D'Agostino,2014,242,70
584,"See Me, Feel Me - Single Version",The Who,2014,217,39
585,Hemel Valt,Typhoon,2014,161,43
586,Glycerine,Bush,2014,266,65
587,Wit Licht,Jeroen van Koningsbrugge,2014,212,43
588,Yellow Submarine,The Beatles,2014,159,58
589,California Love,2Pac,2014,348,41
590,Superheroes,The Script,2014,245,75
591,Stay With Me,Sam Smith,2014,173,84
592,Shake It Off,Taylor Swift,2014,219,66
593,Looking Too Closely,Fink,2014,311,63
594,No Good in Goodbye,The Script,2014,308,59
595,Counting Stars,OneRepublic,2014,258,74
596,Time After Time,Cyndi Lauper,2014,243,72
597,Sexy Als Ik Dans,Nielson,2014,215,49
598,Done With It,Kensington,2014,203,49
599,Love Never Felt So Good,Michael Jackson,2014,246,70
600,Shut Up and Dance,WALK THE MOON,2014,199,82
601,Nothing Really Matters,Mr. Probz,2014,222,61
602,Promises of No Man's Land,Blaudzun,2014,215,43
603,Let It Go,James Bay,2014,261,74
604,The Sound of Silence,Disturbed,2015,248,75
605,Het Dorp - Live,Wim Sonneveld,2015,198,15
606,Psycho,Muse,2015,317,69
607,Élan,Nightwish,2015,287,58
608,Dat Ik Je Mis,Maaike Ouboter,2015,256,29
609,Heading Up High,Armin van Buuren,2015,233,53
610,Zeg Maar Niets Meer - Remastered,Andre Hazes,2015,167,26
611,Chandelier,Sia,2015,216,71
612,Uptown Funk,Mark Ronson,2015,270,82
613,Birds,Anouk,2015,203,33
614,Michel,Anouk,2015,249,20
615,Let It Happen,Tame Impala,2015,468,76
616,Everglow,Coldplay,2015,283,69
617,The Less I Know The Better,Tame Impala,2015,216,85
618,Ordinary Love,U2,2015,219,45
619,Stressed Out,Twenty One Pilots,2015,202,83
620,For Bitter Or Worse,Anouk,2015,255,21
621,All I Need - Edit,Air,2015,242,41
622,Hymn for the Weekend,Coldplay,2015,259,78
623,Adventure of a Lifetime,Coldplay,2015,264,74
624,Three Days In A Row,Anouk,2015,254,13
625,Moondance,Van Morrison,2015,272,42
626,R U Kiddin' Me,Anouk,2015,200,16
627,"Theme From New York, New York",Frank Sinatra,2015,204,68
628,Hold Me,Douwe Bob,2015,230,26
629,Budapest,George Ezra,2015,201,68
630,Shoes of Lightning,Racoon,2015,220,32
631,Mercy,Muse,2015,232,60
632,Tennessee Whiskey,Chris Stapleton,2015,293,78
633,"Oxygene, Pt. 4",Jean-Michel Jarre,2015,247,57
634,A Head Full of Dreams,Coldplay,2015,224,68
635,We Come 1 - Radio Edit,Faithless,2015,222,54
636,Forever Man - 2015 Remaster,Eric Clapton,2015,192,46
637,Down Man,Brainbox,2015,155,35
638,Liquid Spirit - Claptone Remix,Gregory Porter,2015,384,63
639,Living Doll - 2003 Remaster,Cliff Richard & The Drifters,2015,157,33
640,Ocean of Night,Editors,2015,305,58
641,Be the One,Dua Lipa,2015,203,73
642,Up&Up,Coldplay,2015,405,70
643,Ship To Wreck,Florence + The Machine,2015,235,54
644,Love Yourself,Justin Bieber,2015,234,83
645,Happy Xmas (War Is Over),John Lennon,2015,212,47
646,Sorry,Kensington,2016,227,63
647,Cold Little Heart,Michael Kiwanuka,2016,598,67
648,Barcelona,Freddie Mercury,2016,267,40
649,Leef,André Hazes Jr.,2016,218,62
650,Hello,Adele,2016,295,73
651,Against All Odds (Take a Look at Me Now) - 2016 Remaster,Phil Collins,2016,206,74
652,Treur Niet (Ode Aan Het Leven),Diggy Dex,2016,225,60
653,When We Were Young,Adele,2016,291,73
654,Do I Ever,Kensington,2016,204,53
655,"CAN'T STOP THE FEELING! (Original Song from DreamWorks Animation's ""TROLLS"")",Justin Timberlake,2016,238,75
656,Whatever You Want,Status Quo,2016,242,36
657,Lazarus,David Bowie,2016,382,61
658,Million Years Ago,Adele,2016,227,62
659,Dark Necessities,Red Hot Chili Peppers,2016,302,74
660,You Want It Darker,Leonard Cohen,2016,284,63
661,Bridges,Kensington,2016,220,49
662,Once Upon a Time in the West - Main Theme,Ennio Morricone,2016,223,54
663,Mooi,Marco Borsato,2016,315,59
664,I Just Can't Help Believin',Elvis Presley,2016,274,44
665,Love & Hate,Michael Kiwanuka,2016,427,66
666,New Gold Dream (81/82/83/84),Simple Minds,2016,339,44
667,Disco Inferno,The Trammps,2016,214,54
668,Someone Somewhere (In Summertime),Simple Minds,2016,278,41
669,24K Magic,Bruno Mars,2016,226,78
670,Blackstar,David Bowie,2016,598,55
671,Water Under the Bridge,Adele,2016,240,67
672,All I Ask,Adele,2016,272,70
673,The Life I Live,Q'65,2016,204,27
674,We All Stand Together - Remastered 2016,Paul McCartney,2016,265,24
675,Heathens,Twenty One Pilots,2016,196,81
676,Jacob’s Song,Douwe Bob,2016,318,40
677,Way Down We Go,KALEO,2016,214,76
678,7 Years,Lukas Graham,2016,237,80
679,Forbidden Colours,Ryuichi Sakamoto,2016,290,28
680,The Book Of Love,Gavin James,2016,177,34
681,Zoutelande - feat. Geike,BLØF,2017,223,41
682,Pokémon Theme-New Studio Recording,Jason Paige,2017,197,41
683,Perfect,Ed Sheeran,2017,263,87
684,Thriller,Michael Jackson,2017,358,69
685,Boulevard of Broken Dreams,Green Day,2017,262,74
686,What About Us,P!nk,2017,270,76
687,Shape of You,Ed Sheeran,2017,234,87
688,Believer,Imagine Dragons,2017,204,88
689,Human,Rag'n'Bone Man,2017,200,78
690,Het het nog nooit zo donker west,Ede Staal,2017,274,28
691,Castle on the Hill,Ed Sheeran,2017,261,79
692,Sign of the Times,Harry Styles,2017,341,80
693,In the Blood,John Mayer,2017,244,66
694,Nao ’t Zuuje,Lex Uiting,2017,213,41
695,"Roll Over Lay Down - Live At The Kursaal, Southend / 1975",Status Quo,2017,341,32
696,Whatever It Takes,Imagine Dragons,2017,201,82
697,Amigo,Chef'Special,2017,180,33
698,Iederene Hef Een Reden,Bökkers,2017,185,41
699,Everything Now,Arcade Fire,2017,303,66
700,Sorry,Nothing But Thieves,2017,215,62
701,One More Light,Linkin Park,2017,255,75
702,Through the Barricades - Remastered,Spandau Ballet,2017,360,60
703,Freedom! '90 - Remastered,George Michael,2017,391,69
704,Amsterdam,Nothing But Thieves,2017,272,63
705,Something Just Like This,The Chainsmokers,2017,247,84
706,Thunder,Imagine Dragons,2017,187,86
707,Thinking Of A Place,The War On Drugs,2017,671,59
708,Happier,Ed Sheeran,2017,208,83
709,Galway Girl,Ed Sheeran,2017,171,80
710,Sunny Days,Armin van Buuren,2017,210,54
711,Supermarket Flowers,Ed Sheeran,2017,221,78
712,Holiday,Green Day,2017,233,67
713,Max,Paolo Conte,2017,225,25
714,Rapper's Delight,The Sugarhill Gang,2017,234,48
715,Pain,The War On Drugs,2017,331,62
716,Love On The Rocks,Neil Diamond,2017,262,40
717,Tuesday Afternoon (Forever Afternoon),The Moody Blues,2017,249,50
718,Magnificent (She Says),Elbow,2017,266,31
719,Nicotine,Chef'Special,2017,238,36
720,Homesick,Dua Lipa,2017,230,71
721,Beautiful Trauma,P!nk,2017,250,68
722,World Gone Mad,Bastille,2017,196,64
723,Leave a Light On,Tom Walker,2017,186,75
724,Skin,Rag'n'Bone Man,2017,240,69
725,Lost on You,LP,2017,268,78
726,Shallow,Lady Gaga,2018,216,88
727,Kleine Jongen,Andre Hazes,2018,221,30
728,Duurt Te Lang,Davina Michelle,2018,154,68
729,I Want To Break Free,Queen,2018,223,59
730,September,"Earth, Wind & Fire",2018,215,82
731,Voor Haar,Frans Halsema,2018,172,30
732,Testament,Boudewijn de Groot,2018,195,28
733,Atemlos durch die Nacht,Helene Fischer,2018,220,38
734,Zij Gelooft In Mij,Andre Hazes,2018,240,30
735,Verdronken Vlinder,Boudewijn de Groot,2018,146,29
736,Als Het Avond Is,Suzan & Freek,2018,206,65
737,De Vlieger,Andre Hazes,2018,217,27
738,Geef Mij Je Angst,Andre Hazes,2018,257,30
739,Natural,Imagine Dragons,2018,189,84
740,IJskoud,Nielson,2018,210,65
741,Welterusten Mijnheer De President,Boudewijn de Groot,2018,152,23
742,Jimmy,Boudewijn de Groot,2018,236,32
743,Bad Liar,Imagine Dragons,2018,261,83
744,Sammy,Ramses Shaffy,2018,135,23
745,High Hopes,Panic! At The Disco,2018,191,87
746,Het Land Van Maas En Waal,Boudewijn de Groot,2018,179,23
747,Shotgun,George Ezra,2018,201,82
748,New Light,John Mayer,2018,216,81
749,You Say,Lauren Daigle,2018,275,80
750,Een Beetje Verliefd,Andre Hazes,2018,251,32
751,Someone You Loved,Lewis Capaldi,2018,182,85
752,Banger Hart - Radio Mix,Rob De Nijs,2018,261,16
753,Malle Babbe,Rob De Nijs,2018,253,15
754,Vluchten Kan Niet Meer,Frans Halsema,2018,221,17
755,Faded,Alan Walker,2018,212,80
756,High On Life (feat. Bonn),Martin Garrix,2018,231,78
757,Het Is Koud Zonder Jou,Andre Hazes,2018,241,30
758,N Vriend,Andre Hazes,2018,292,31
759,Always Remember Us This Way,Lady Gaga,2018,210,81
760,Een Meisje Van Zestien,Boudewijn de Groot,2018,179,20
761,Why Don't You Do Right,Beth Hart,2018,276,44
762,De Zon Op,Diggy Dex,2018,209,52
763,Youngblood,5 Seconds of Summer,2018,203,84
764,Prikkebeen,Boudewijn de Groot,2018,252,17
765,Outlaw In 'Em,Waylon,2018,217,39
766,Als De Rook Om Je Hoofd Is Verdwenen,Boudewijn de Groot,2018,205,19
767,Skandal im Sperrbezirk,Spider Murphy Gang,2018,216,26
768,Pain and Misery,The Teskey Brothers,2018,241,50
769,I Do,Douwe Bob,2018,202,52
770,Het Laatste Rondje - Remastered,Andre Hazes,2018,258,33
771,Guiding Light,Mumford & Sons,2018,218,60
772,Havana (feat. Young Thug),Camila Cabello,2018,217,85
773,Hou Vol Hou Vast,BLØF,2018,295,12
774,One Kiss (with Dua Lipa),Calvin Harris,2018,215,86
775,Nothing Breaks Like a Heart (feat. Miley Cyrus),Mark Ronson,2018,217,79
776,Lay Your Weapons Down,Ilse DeLange,2018,219,21
777,In My Blood,Shawn Mendes,2018,211,82
778,Roller Coaster,Danny Vera,2019,270,70
779,Arcade,Duncan Laurence,2019,184,73
780,A Whiter Shade of Pale - Original Single Version,Procol Harum,2019,249,67
781,Don't You (Forget About Me),Simple Minds,2019,261,73
782,The Load-Out - Remastered,Jackson Browne,2019,335,37
783,Stay - Remastered,Jackson Browne,2019,204,36
784,Last Christmas,Wham!,2019,265,85
785,Time To Give,White Lies,2019,455,50
786,bad guy,Billie Eilish,2019,194,95
787,Memories,Maroon 5,2019,189,98
788,Love Like Blood,Killing Joke,2019,261,37
789,Reünie,Snelle,2019,172,71
790,About A Girl - Live Version,Nirvana,2019,218,50
791,DEUTSCHLAND,Rammstein,2019,322,72
792,Phantom Of The Opera,Floor Jansen,2019,244,56
793,Dance Monkey,Tones and I,2019,209,100
794,Blauwe Dag,Suzan & Freek,2019,183,68
795,Homburg - Single Version - 2009 Remaster - Mono,Procol Harum,2019,237,32
796,Uncharted,Kensington,2019,241,65
797,Despacito,Luis Fonsi,2019,229,80
798,Dancing On My Own,Calum Scott,2019,260,28
799,Child in Time,Deep Purple,1970,620,45
800,Let It Be - Remastered 2009,The Beatles,1970,243,79
801,Bridge Over Troubled Water,Simon & Garfunkel,1970,293,71
802,Paranoid - 2016 Remaster,Black Sabbath,1970,168,68
803,Have You Ever Seen The Rain,Creedence Clearwater Revival,1970,160,71
804,Your Song,Elton John,1970,242,77
805,The Boxer,Simon & Garfunkel,1970,309,72
806,Du,Peter Maffay,1970,298,53
807,I Walk the Line,Johnny Cash,1970,177,71
808,Samba Pa Ti,Santana,1970,285,63
809,Immigrant Song - Remaster,Led Zeppelin,1970,146,77
810,Who'll Stop The Rain,Creedence Clearwater Revival,1970,147,66
811,Our House,"Crosby, Stills, Nash & Young",1970,180,68
812,Teach Your Children,"Crosby, Stills, Nash & Young",1970,173,63
813,The Long And Winding Road - Remastered 2009,The Beatles,1970,218,64
814,Father And Son,Yusuf / Cat Stevens,1970,221,74
815,Almost Cut My Hair,"Crosby, Stills, Nash & Young",1970,269,62
816,El Condor Pasa (If I Could),Simon & Garfunkel,1970,187,62
817,Question,The Moody Blues,1970,344,50
818,I Heard It Through The Grapevine,Creedence Clearwater Revival,1970,663,47
819,Since I've Been Loving You - 1990 Remaster,Led Zeppelin,1970,444,63
820,Get Back - Remastered 2009,The Beatles,1970,189,65
821,The Man Who Sold the World - 2015 Remaster,David Bowie,1970,241,63
822,Long As I Can See The Light,Creedence Clearwater Revival,1970,211,60
823,Roadhouse Blues,The Doors,1970,244,73
824,My Sweet Lord,George Harrison,1970,281,76
825,Memories,Earth & Fire,1970,201,29
826,Cecilia,Simon & Garfunkel,1970,175,73
827,Fire and Rain,James Taylor,1970,201,73
828,Lookin' Out My Back Door,Creedence Clearwater Revival,1970,152,67
829,25 or 6 to 4 - 2002 Remaster,Chicago,1970,290,64
830,Working Class Hero - Remastered 2010 / Lennon Legend Version,John Lennon,1970,228,57
831,Lucky Man - 2012 Remastered Version,"Emerson, Lake & Palmer",1970,276,60
832,Into the Mystic - 2013 Remaster,Van Morrison,1970,206,72
833,Carry On,"Crosby, Stills, Nash & Young",1970,266,58
834,(They Long To Be) Close To You,Carpenters,1970,276,60
835,Move On Up,Curtis Mayfield,1970,166,67
836,Tears In The Morning - Remastered 2009,The Beach Boys,1970,251,38
837,Up Around The Bend,Creedence Clearwater Revival,1970,161,69
838,Southern Man - 2009 Remaster,Neil Young,1970,331,53
839,Stairway to Heaven - Remaster,Led Zeppelin,1971,483,79
840,Imagine - Remastered,John Lennon,1971,188,78
841,Riders on the Storm,The Doors,1971,435,74
842,Echoes,Pink Floyd,1971,1412,58
843,Vincent,Don McLean,1971,243,69
844,Me and Bobby McGee,Janis Joplin,1971,271,71
845,Baba O'Riley,The Who,1971,300,77
846,Life on Mars? - 2015 Remaster,David Bowie,1971,236,71
847,I Am...I Said - Single Version,Neil Diamond,1971,213,60
848,Ain't No Sunshine,Bill Withers,1971,125,76
849,Wild Horses,The Rolling Stones,1971,342,72
850,L.A. Woman,The Doors,1971,471,67
851,What's Going On,Marvin Gaye,1971,233,69
852,Halo of Flies,Alice Cooper,1971,502,44
853,American Pie,Don McLean,1971,517,74
854,Tiny Dancer,Elton John,1971,377,79
855,Morning Has Broken,Yusuf / Cat Stevens,1971,200,68
856,One Way Wind,The Cats,1971,221,54
857,One of These Days,Pink Floyd,1971,355,55
858,Nothing Rhymed,Gilbert O'Sullivan,1971,204,35
859,Brown Sugar - Remastered,The Rolling Stones,1971,229,71
860,You've Got a Friend,Carole King,1971,309,68
861,Locomotive Breath,Jethro Tull,1971,266,60
862,She Flies On Strange Wings,Golden Earring,1971,443,37
863,Changes - 2015 Remaster,David Bowie,1971,218,66
864,Mercedes Benz,Janis Joplin,1971,108,58
865,Honky Tonk Women - Mono Version,The Rolling Stones,1971,179,67
866,You've Got a Friend,James Taylor,1971,269,68
867,Cry Baby,Janis Joplin,1971,239,66
868,Storm And Thunder,Earth & Fire,1971,388,24
869,Roundabout - 2003 Remaster,Yes,1971,511,66
870,Maggie May,Rod Stewart,1971,350,72
871,Won't Get Fooled Again - Original Album Version,The Who,1971,511,65
872,After Midnight,J.J. Cale,1971,144,62
873,Give Up Your Guns,The Buoys,1971,254,39
874,Love Her Madly,The Doors,1971,198,67
875,Rock and Roll - Remaster,Led Zeppelin,1971,221,67
876,Black Dog - Remaster,Led Zeppelin,1971,295,73
877,Call Me The Breeze,J.J. Cale,1971,157,58
878,Famous Blue Raincoat,Leonard Cohen,1971,311,63
879,Behind Blue Eyes,The Who,1971,221,71
880,Yours Is No Disgrace - 2003 Remaster,Yes,1971,581,43
881,See Emily Play,Pink Floyd,1971,174,50
882,Smoke on the Water,Deep Purple,1972,342,64
883,Perfect Day,Lou Reed,1972,225,69
884,"Rocket Man (I Think It's Going To Be A Long, Long Time)",Elton John,1972,282,82
885,Heart of Gold - 2009 Remaster,Neil Young,1972,187,71
886,Starman - 2012 Remaster,David Bowie,1972,254,74
887,Take It Easy - 2013 Remaster,Eagles,1972,212,75
888,A Horse with No Name,America,1972,252,77
889,Time In A Bottle,Jim Croce,1972,148,58
890,Lola - Live,The Kinks,1972,102,29
891,Easy Livin',Uriah Heep,1972,157,56
892,Ben - Single Version,Michael Jackson,1972,167,53
893,Walk On the Wild Side,Lou Reed,1972,254,75
894,She's A Rainbow - Full Version / With Intro,The Rolling Stones,1972,252,55
895,You're so Vain,Carly Simon,1972,258,75
896,Ziggy Stardust - 2012 Remaster,David Bowie,1972,194,64
897,Whiskey In The Jar,Thin Lizzy,1972,345,63
898,Listen to the Music,The Doobie Brothers,1972,227,75
899,Top Of The World,Carpenters,1972,179,65
900,School's Out,Alice Cooper,1972,210,66
901,A Thing Called Love,Johnny Cash,1972,153,54
902,Harvest - 2009 Remaster,Neil Young,1972,189,51
903,Sylvia's Mother,Dr. Hook,1972,228,58
904,"Close to the Edge (i. The Solid Time of Change, ii. Total Mass Retain, iii. I Get up I Get Down, iv. Seasons of Man) - 2003 Remaster",Yes,1972,1121,47
905,Ventura Highway,America,1972,211,69
906,Witchy Woman - Eagles 2013 Remaster,Eagles,1972,251,56
907,Song Sung Blue - Single Version,Neil Diamond,1972,195,54
908,Sylvia,Focus,1972,212,47
909,Peaceful Easy Feeling - Eagles 2013 Remaster,Eagles,1972,258,65
910,Do It Again,Steely Dan,1972,357,69
911,Radar Love,Golden Earring,1973,387,57
912,Angie,The Rolling Stones,1973,272,72
913,Desperado - 2013 Remaster,Eagles,1973,214,66
914,Dream On,Aerosmith,1973,267,78
915,Time,Pink Floyd,1973,414,70
916,Free Bird,Lynyrd Skynyrd,1973,559,71
917,Money,Pink Floyd,1973,383,73
918,Always On My Mind,Elvis Presley,1973,218,61
919,The Great Gig in the Sky,Pink Floyd,1973,284,66
920,La Grange - 2005 Remaster,ZZ Top,1973,230,74
921,"Leaving, On a Jet Plane - ""Greatest Hits"" Version",John Denver,1973,246,64
922,Us and Them,Pink Floyd,1973,469,65
923,Firth of Fifth - New Stereo Mix,Genesis,1973,575,41
924,Band On The Run - Remastered 2010,Paul McCartney,1973,313,71
925,Sebastian - 2012 Remaster,Steve Harley & Cockney Rebel,1973,421,46
926,Tequila Sunrise - 2013 Remaster,Eagles,1973,173,62
927,Knockin' On Heaven's Door - Remastered,Bob Dylan,1973,150,74
928,Burning Love,Elvis Presley,1973,170,68
929,Goodbye Yellow Brick Road - Remastered 2014,Elton John,1973,193,68
930,Midnight Train to Georgia,Gladys Knight & The Pips,1973,279,67
931,Daniel,Elton John,1973,235,65
932,The Joker,Steve Miller Band,1973,265,75
933,Long Train Runnin',The Doobie Brothers,1973,207,71
934,I'll Have To Say I Love You In A Song,Jim Croce,1973,152,53
935,The Jean Genie - 2013 Remaster,David Bowie,1973,248,64
936,Merry Xmas Everybody,Slade,1973,223,76
937,Woman from Tokyo,Deep Purple,1973,349,37
938,Don't Let Me Down - Remastered 2009,The Beatles,1973,216,68
939,Let's Get It On,Marvin Gaye,1973,291,69
940,School,Supertramp,1974,335,63
941,Jolene,Dolly Parton,1974,162,74
942,Killer Queen - 2011 Mix,Queen,1974,180,67
943,Sweet Home Alabama,Lynyrd Skynyrd,1974,284,82
944,Waterloo,ABBA,1974,169,58
945,Annie's Song,John Denver,1974,181,69
946,Dreamer,Supertramp,1974,213,59
947,You Are So Beautiful,Joe Cocker,1974,160,57
948,My Boy,Elvis Presley,1974,199,42
949,Rebel Rebel - 2016 Remaster,David Bowie,1974,275,74
950,Crime Of The Century,Supertramp,1974,333,43
951,Autobahn - 2009 Remaster,Kraftwerk,1974,1367,48
952,I Will Always Love You,Dolly Parton,1974,176,61
953,Thank God I'm a Country Boy,John Denver,1974,193,64
954,The Air That I Breathe - 2008 Remaster,The Hollies,1974,257,66
955,Love Is All,Roger Glover,1974,197,48
956,Hide In Your Shell,Supertramp,1974,410,43
957,Gute Nacht Freunde,Reinhard Mey,1974,149,46
958,Fox On The Run,Sweet,1974,208,55
959,You Ain't Seen Nothing Yet,Bachman-Turner Overdrive,1974,235,69
960,Mandy,Barry Manilow,1974,213,69
961,Can't Get It out of My Head,Electric Light Orchestra,1974,261,51
962,The Way We Were,Barbra Streisand,1974,211,59
963,Bohemian Rhapsody - 2011 Mix,Queen,1975,354,77
964,Love Of My Life - Remastered 2011,Queen,1975,217,62
965,Shine On You Crazy Diamond (Pts. 1-5),Pink Floyd,1975,811,66
966,Born to Run,Bruce Springsteen,1975,270,73
967,Kashmir - 1990 Remaster,Led Zeppelin,1975,508,69
968,"No Woman, No Cry - Live At The Lyceum, London/1975",Bob Marley & The Wailers,1975,428,70
969,One of These Nights - 2013 Remaster,Eagles,1975,292,69
970,Mamma Mia,ABBA,1975,215,63
971,Landslide,Fleetwood Mac,1975,199,77
972,Thunder Road,Bruce Springsteen,1975,289,66
973,I'm Not In Love,10cc,1975,367,70
974,Rhiannon,Fleetwood Mac,1975,253,68
975,Lyin' Eyes - 2013 Remaster,Eagles,1975,382,65
976,You're My Best Friend - Remastered 2011,Queen,1975,171,61
977,Jungleland,Bruce Springsteen,1975,576,51
978,Love Hurts,Nazareth,1975,233,58
979,Down Down,Status Quo,1975,325,53
980,Sailing,Rod Stewart,1975,278,68
981,39 - 2011 Mix,Queen,1975,211,52
982,Calypso,John Denver,1975,216,54
983,50 Ways to Leave Your Lover,Paul Simon,1975,217,69
984,It's A Long Way There - 2010 Digital Remaster,Little River Band,1975,525,49
985,Crazy On You,Heart,1975,293,65
986,Wij Zullen Doorgaan - 1975 Single Version,Ramses Shaffy,1975,264,37
987,Make Me Smile (Come up and See Me) - 2014 Remaster,Steve Harley,1975,239,63
988,House For Sale,Lucifer,1975,281,37
989,S.O.S.,ABBA,1975,204,49
990,Nights On Broadway,Bee Gees,1975,271,53
991,At Seventeen - Remastered,Janis Ian,1975,284,48
992,Take It to the Limit - 2013 Remaster,Eagles,1975,287,63
993,Fame - 2016 Remaster,David Bowie,1975,261,60
994,Sex Machine - Pt. 1 & 2,James Brown,1975,715,27
995,Show Me The Way,Peter Frampton,1975,243,66
996,Meeting Across the River,Bruce Springsteen,1975,197,43
997,Love Is The Drug,Roxy Music,1975,251,60
998,Still Crazy After All These Years,Paul Simon,1975,207,61
999,Hotel California - 2013 Remaster,Eagles,1976,391,82
1000,Somebody To Love - 2011 Mix,Queen,1976,296,70
1001,Dancing Queen,ABBA,1976,231,72
1002,The Last Resort - 2013 Remaster,Eagles,1976,445,52
1003,Hurricane,Bob Dylan,1976,513,69
1004,More Than a Feeling,Boston,1976,285,78
1005,(Don't Fear) The Reaper,Blue Öyster Cult,1976,308,75
1006,New Kid in Town - 2013 Remaster,Eagles,1976,305,64
1007,If You Leave Me Now,Chicago,1976,235,74
1008,Wild Is the Wind - 2016 Remaster,David Bowie,1976,366,53
1009,Tie Your Mother Down - Remastered 2011,Queen,1976,287,50
1010,Fernando,ABBA,1976,256,56
1011,"Knowing Me, Knowing You",ABBA,1976,244,52
1012,Fool To Cry - Remastered 2009,The Rolling Stones,1976,305,55
1013,Carry on Wayward Son,Kansas,1976,323,75
1014,New York State of Mind,Billy Joel,1976,362,61
1015,Golden Years - 2016 Remaster,David Bowie,1976,243,60
1016,Isn't She Lovely,Stevie Wonder,1976,394,67
1017,I Wish,Stevie Wonder,1976,252,64
1018,Tom Traubert's Blues (Four Sheets To The Wind In Copenhagen),Tom Waits,1976,399,52
1019,The Boys Are Back In Town,Thin Lizzy,1976,267,74
1020,Livin' Thing,Electric Light Orchestra,1976,212,70
1021,Sir Duke,Stevie Wonder,1976,233,72
1022,Blitzkrieg Bop - 2016 Remaster,Ramones,1976,134,71
1023,Fly Like An Eagle,Steve Miller Band,1976,283,68
1024,Blinded By The Light,Manfred Mann's Earth Band,1976,428,61
1025,Cocaine,J.J. Cale,1976,169,59
1026,The Ballroom Blitz,Sweet,1976,242,54
1027,"Money, Money, Money",ABBA,1976,187,44
1028,Wasted Time - 2013 Remaster,Eagles,1976,296,54
1029,Theme From Mahogany (Do You Know Where You're Going To) - Single Version,Diana Ross,1976,204,49
1030,Heroes - 2017 Remaster,David Bowie,1977,371,75
1031,Paradise By the Dashboard Light,Meat Loaf,1977,508,67
1032,Go Your Own Way - 2004 Remaster,Fleetwood Mac,1977,224,73
1033,Mr. Blue Sky,Electric Light Orchestra,1977,303,80
1034,Fool's Overture,Supertramp,1977,653,56
1035,Whole Lotta Rosie,AC/DC,1977,334,65
1036,We Will Rock You - Remastered,Queen,1977,122,70
1037,The Chain - 2004 Remaster,Fleetwood Mac,1977,270,78
1038,Three Little Birds,Bob Marley & The Wailers,1977,180,78
1039,We Are The Champions - Remastered 2011,Queen,1977,179,66
1040,She's Always a Woman,Billy Joel,1977,201,72
1041,Worn Down Piano,The Mark & Clark Band,1977,488,32
1042,Dust in the Wind,Kansas,1977,206,77
1043,Bat Out of Hell,Meat Loaf,1977,590,60
1044,Solsbury Hill,Peter Gabriel,1977,261,60
1045,Thank You For The Music,ABBA,1977,232,48
1046,Wonderful Tonight,Eric Clapton,1977,225,73
1047,Lust For Life,Iggy Pop,1977,314,68
1048,She's Not There,Santana,1977,249,52
1049,Stayin' Alive,Bee Gees,1977,93,60
1050,Psycho Killer - 2005 Remaster,Talking Heads,1977,261,73
1051,Fantasy,"Earth, Wind & Fire",1977,277,48
1052,Songbird - 2004 Remaster,Fleetwood Mac,1977,201,56
1053,Let There Be Rock,AC/DC,1977,366,62
1054,Don't Stop - 2004 Remaster,Fleetwood Mac,1977,193,67
1055,I Feel Love,Donna Summer,1977,355,46
1056,The Passenger,Iggy Pop,1977,283,72
1057,Het Werd Zomer,Rob De Nijs,1977,251,49
1058,Take A Chance On Me,ABBA,1977,244,63
1059,Give A Little Bit,Supertramp,1977,248,74
1060,Sound and Vision - 2017 Remaster,David Bowie,1977,184,62
1061,Spread Your Wings - 2011 Mix,Queen,1977,274,50
1062,You Took The Words Right Out of My Mouth (Hot Summer Night),Meat Loaf,1977,304,57
1063,Two Out of Three Ain't Bad,Meat Loaf,1977,324,60
1064,Cocaine,Eric Clapton,1977,222,68
1065,Barracuda,Heart,1977,262,74
1066,One Love / People Get Ready - Medley,Bob Marley & The Wailers,1977,173,74
1067,Cold as Ice,Foreigner,1977,201,68
1068,The Name Of The Game,ABBA,1977,294,46
1069,Mannish Boy,Muddy Waters,1977,321,63
1070,I Want You to Want Me,Cheap Trick,1977,191,70
1071,Scenes from an Italian Restaurant,Billy Joel,1977,457,60
1072,God Save the Queen,Sex Pistols,1977,200,51
1073,La vie en rose,Grace Jones,1977,448,58
1074,Spanish Stroll,Mink DeVille,1977,220,47
1075,Le Freak - 2018 Remaster,CHIC,1977,331,69
1076,Lovely Day,Bill Withers,1977,255,72
1077,Isn't It Time,The Babys,1977,244,49
1078,Just the Way You Are,Billy Joel,1977,291,68
1079,Anarchy in the U.K.,Sex Pistols,1977,212,54
1080,You Make Loving Fun - 2004 Remaster,Fleetwood Mac,1977,217,58
1081,Sultans of Swing,Dire Straits,1978,350,66
1082,Don't Stop Me Now - 2011 Mix,Queen,1978,209,76
1083,Laat Me,Ramses Shaffy,1978,305,50
1084,Wuthering Heights,Kate Bush,1978,269,68
1085,Saturday Night,Herman Brood & His Wild Romance,1978,223,48
1086,Roxanne,The Police,1978,192,78
1087,Hold the Line,TOTO,1978,236,75
1088,The Man with the Child in His Eyes,Kate Bush,1978,159,53
1089,Badlands,Bruce Springsteen,1978,242,58
1090,Baker Street,Gerry Rafferty,1978,366,69
1091,Dreadlock Holiday,10cc,1978,268,67
1092,Fat Bottomed Girls - Single Version,Queen,1978,203,51
1093,Runnin' with the Devil - 2015 Remaster,Van Halen,1978,215,70
1094,Bicycle Race - Remastered 2011,Queen,1978,181,55
1095,Follow You Follow Me - 2007 Remaster,Genesis,1978,241,51
1096,So Lonely,The Police,1978,290,66
1097,How You Gonna See Me Now,Alice Cooper,1978,236,49
1098,Miss You - Remastered,The Rolling Stones,1978,289,67
1099,"Stir It Up - Live At The Pavillon De Paris, 1977",Bob Marley & The Wailers,1978,317,40
1100,Is This Love,Bob Marley & The Wailers,1978,232,76
1101,Because the Night,Patti Smith,1978,205,66
1102,What a Fool Believes,The Doobie Brothers,1978,224,69
1103,Still Believe,Herman Brood & His Wild Romance,1978,191,38
1104,Rivers of Babylon,Boney M.,1978,261,65
1105,Don't Look Back,Boston,1978,360,55
1106,Beast Of Burden - Remastered,The Rolling Stones,1978,265,74
1107,Honesty,Billy Joel,1978,234,59
1108,Born to Be Alive - Original Mix 79,Patrick Hernandez,1978,188,66
1109,Fire,The Pointer Sisters,1978,211,56
1110,You Don't Bring Me Flowers,Neil Diamond,1978,195,56
1111,Water of Love,Dire Straits,1978,327,41
1112,Comfortably Numb,Pink Floyd,1979,382,75
1113,Highway to Hell,AC/DC,1979,208,83
1114,"Another Brick in the Wall, Pt. 2",Pink Floyd,1979,239,77
1115,The Rose,Bette Midler,1979,221,67
1116,The Logical Song - Remastered 2010,Supertramp,1979,251,72
1117,I Was Made For Lovin' You,KISS,1979,271,78
1118,Gimme! Gimme! Gimme! (A Man After Midnight),ABBA,1979,293,64
1119,Message In A Bottle,The Police,1979,290,74
1120,Hey You,Pink Floyd,1979,278,68
1121,One Step Beyond,Madness,1979,138,42
1122,Chiquitita,ABBA,1979,327,56
1123,Does Your Mother Know,ABBA,1979,196,45
1124,How Deep Is Your Love,Bee Gees,1979,245,77
1125,Bright Eyes,Art Garfunkel,1979,239,57
1126,Take The Long Way Home - 2010 Remastered,Supertramp,1979,309,64
1127,Breakfast In America - Remastered,Supertramp,1979,159,70
1128,I Have A Dream,ABBA,1979,286,49
1129,Boogie Wonderland,"Earth, Wind & Fire",1979,288,73
1130,Boys Don't Cry - Single Version,The Cure,1979,158,63
1131,Voulez-Vous,ABBA,1979,309,53
1132,September Morn,Neil Diamond,1979,232,59
1133,MacArthur Park - Single Version,Donna Summer,1979,235,52
1134,Don't Stop 'Til You Get Enough - Single Version,Michael Jackson,1979,365,74
1135,London Calling - Remastered,The Clash,1979,200,73
1136,Night Boat to Cairo,Madness,1979,211,34
1137,Goodbye Stranger - 2010 Remastered,Supertramp,1979,351,66
1138,Walking On The Moon,The Police,1979,301,64
1139,Don't Bring Me Down,Electric Light Orchestra,1979,243,70
1140,Tragedy,Bee Gees,1979,303,64
1141,Off the Wall,Michael Jackson,1979,246,62
1142,The Worker,Fischer-Z,1979,215,44
1143,Sure Know Something,KISS,1979,242,52
1144,Relight My Fire - Single Version,Dan Hartman,1979,226,52
1145,Weekend Love,Golden Earring,1979,255,44
1146,"More Than A Woman - From ""Saturday Night Fever"" Soundtrack",Bee Gees,1979,197,70
1147,Rock with You - Single Version,Michael Jackson,1979,221,73
1148,Weekend,Earth & Fire,1979,215,49
1149,Dancin' Fool,Frank Zappa,1979,223,40
1150,We Belong to the Night,Ellen Foley,1979,321,40
1151,Sausolito Summernight - Digitally Remastered 2017,Diesel,1979,306,39
1152,The River,Bruce Springsteen,1980,302,66
1153,A Forest - Remastered Version,The Cure,1980,355,53
1154,The Winner Takes It All,ABBA,1980,295,59
1155,Ace of Spades,Motörhead,1980,166,74
1156,Another One Bites The Dust - Remastered 2011,Queen,1980,215,74
1157,Back In Black,AC/DC,1980,255,83
1158,Romeo and Juliet,Dire Straits,1980,361,54
1159,Redemption Song,Bob Marley & The Wailers,1980,234,71
1160,You Shook Me All Night Long,AC/DC,1980,210,78
1161,Crazy Little Thing Called Love - Remastered 2011,Queen,1980,163,66
1162,Lay All Your Love On Me,ABBA,1980,274,48
1163,Long Blond Animal,Golden Earring,1980,217,39
1164,Think,The Blues Brothers,1980,195,56
1165,Once in a Lifetime - 2005 Remaster,Talking Heads,1980,260,69
1166,The Turn of a Friendly Card,The Alan Parsons Project,1980,966,32
1167,So Long,Fischer-Z,1980,303,49
1168,Tunnel of Love (Intro: The Carousel Waltz),Dire Straits,1980,489,43
1169,Happy New Year,ABBA,1980,264,50
1170,Ashes to Ashes - 2017 Remaster,David Bowie,1980,266,62
1171,Foto Van Vroeger,Rob De Nijs,1980,280,31
1172,Could You Be Loved,Bob Marley & The Wailers,1980,237,77
1173,9 to 5,Dolly Parton,1980,162,76
1174,Everybody Needs Somebody to Love,The Blues Brothers,1980,203,63
1175,Super Trouper,ABBA,1980,255,60
1176,Save Me - Remastered 2011,Queen,1980,230,51
1177,Keep on Loving You,REO Speedwagon,1980,200,71
1178,Woman in Love,Barbra Streisand,1980,232,68
1179,The Spirit Of Radio,Rush,1980,296,63
1180,Baggy Trousers,Madness,1980,167,33
1181,Hungry Heart,Bruce Springsteen,1980,199,69
1182,Guilty (feat. Barry Gibb),Barbra Streisand,1980,264,67
1183,Biko,Peter Gabriel,1980,452,36
1184,Food For Thought,UB40,1980,250,50
1185,Late in the Evening,Paul Simon,1980,243,58
1186,Enola Gay - Remastered,Orchestral Manoeuvres In The Dark,1980,214,65
1187,Master Blaster (Jammin'),Stevie Wonder,1980,308,61
1188,Don't Stand So Close To Me,The Police,1980,243,67
1189,Wish You Were Here,Pink Floyd,1981,321,47
1190,In The Air Tonight - 2015 Remastered,Phil Collins,1981,336,77
1191,Don't Stop Believin',Journey,1981,251,80
1192,The Day Before You Came,ABBA,1981,349,51
1193,Golden Brown,The Stranglers,1981,207,67
1194,Every Little Thing She Does Is Magic,The Police,1981,261,73
1195,Start Me Up - Remastered,The Rolling Stones,1981,213,76
1196,One Of Us,ABBA,1981,237,59
1197,Waiting On A Friend - Remastered 2009,The Rolling Stones,1981,274,58
1198,Tainted Love,Soft Cell,1981,154,53
1199,Memory,Barbra Streisand,1981,235,56
1200,Everytime I Think of You - 2000 Remaster,The Babys,1981,243,35
1201,Don't You Want Me,The Human League,1981,237,74
1202,I'll Find My Way Home - Remastered,Jon & Vangelis,1981,271,43
1203,Je Loog Tegen Mij,Drukwerk,1981,206,46
1204,Africa,TOTO,1982,296,84
1205,Telegraph Road,Dire Straits,1982,859,41
1206,Under Pressure - Remastered,Queen,1982,248,72
1207,Old and Wise,The Alan Parsons Project,1982,295,58
1208,Private Investigations,Dire Straits,1982,407,38
1209,Billie Jean,Michael Jackson,1982,294,81
1210,Run to the Hills - 2015 Remaster,Iron Maiden,1982,234,60
1211,Twilight Zone,Golden Earring,1982,478,47
1212,Eye In The Sky,The Alan Parsons Project,1982,276,67
1213,Rosanna,TOTO,1982,331,70
1214,Is She Really Going Out With Him? - Live,Joe Jackson,1982,269,35
1215,Bloedend Hart,De Dijk,1982,228,24
1216,Belgie ... (Is Er Leven Op Pluto ...),Het Goede Doel,1982,361,52
1217,1999,Prince,1982,379,68
1218,Islands In the Stream,Dolly Parton,1982,252,65
1219,Real Men,Joe Jackson,1982,245,31
1220,Come On Eileen,Dexys Midnight Runners,1982,287,68
1221,Kristallnaach,BAP,1982,299,47
1222,State of Independence,Donna Summer,1982,351,42
1223,You Can't Hurry Love - 2016 Remaster,Phil Collins,1982,176,76
1224,Burning Heart,Vandenberg,1982,251,43
1225,Always On My Mind,Willie Nelson,1982,213,63
1226,Sexual Healing,Marvin Gaye,1982,239,71
1227,Vriendschap,Het Goede Doel,1982,247,46
1228,Human Nature,Michael Jackson,1982,246,65
1229,Save a Prayer - 2009 Remaster,Duran Duran,1982,333,62
1230,Should I Stay or Should I Go - Remastered,The Clash,1982,189,79
1231,P.Y.T. (Pretty Young Thing),Michael Jackson,1982,239,71
1232,Wanna Be Startin' Somethin',Michael Jackson,1982,362,64
1233,It's Raining Again,Supertramp,1982,264,60
1234,Steppin' Out,Joe Jackson,1982,259,48
1235,A Slow Song,Joe Jackson,1982,423,22
1236,Sunday Bloody Sunday - Remastered 2008,U2,1983,279,72
1237,Every Breath You Take,The Police,1983,254,84
1238,Mama - 2007 Remaster,Genesis,1983,408,45
1239,99 Luftballons,Nena,1983,232,73
1240,Sweet Dreams (Are Made of This) - Remastered,Eurythmics,1983,217,81
1241,I'm Still Standing,Elton John,1983,183,79
1242,Let's Dance - 2018 Remaster,David Bowie,1983,458,71
1243,China Girl - 2002 Remaster,David Bowie,1983,257,57
1244,Owner of a Lonely Heart,Yes,1983,269,70
1245,Waterfront - 2002 Remaster,Simple Minds,1983,290,54
1246,Our House,Madness,1983,201,58
1247,Just Can't Get Enough (Live in Hammersmith) - 2018 Remaster,Depeche Mode,1983,335,45
1248,Message To My Girl,Split Enz,1983,244,33
1249,Hello,Lionel Richie,1983,251,59
1250,Pride and Joy,Stevie Ray Vaughan,1983,220,65
1251,Uptown Girl,Billy Joel,1983,198,77
1252,I Heard It Through The Grapevine,Marvin Gaye,1983,197,71
1253,Nescio,Nits,1983,287,40
1254,Uncertain Smile,The The,1983,409,48
1255,Home by the Sea - 2007 Remaster,Genesis,1983,308,43
1256,Theme from Harry's Game,Clannad,1983,148,38
1257,Nur geträumt,Nena,1983,220,56
1258,Gloria - Live,U2,1983,287,39
1259,Here Comes the Rain Again - Remastered Version,Eurythmics,1983,295,62
1260,Girls Just Want to Have Fun,Cyndi Lauper,1983,238,76
1261,Club Tropicana,Wham!,1983,266,66
1262,Papa Can You Hear Me?,Barbra Streisand,1983,211,46
1263,Karma Chameleon - Remastered,Culture Club,1983,253,72
1264,Buffalo Soldier,Bob Marley & The Wailers,1983,256,73
1265,Beast of Burden,Bette Midler,1983,226,53
1266,Purple Rain,Prince,1984,521,75
1267,When The Lady Smiles,Golden Earring,1984,340,53
1268,Hallelujah,Leonard Cohen,1984,277,67
1269,Summer Of '69,Bryan Adams,1984,216,81
1270,Radio Ga Ga - 2011 Mix,Queen,1984,348,66
1271,The Unforgettable Fire - Remastered 2009,U2,1984,294,46
1272,Bad - Remastered 2009,U2,1984,368,41
1273,I'm On Fire,Bruce Springsteen,1984,156,74
1274,Pride (In The Name Of Love) - Remastered 2009,U2,1984,228,59
1275,Fade To Black (Remastered),Metallica,1984,417,62
1276,Dancing In the Dark,Bruce Springsteen,1984,241,77
1277,Forever Young,Alphaville,1984,227,74
1278,When Doves Cry,Prince,1984,353,70
1279,I Want to Know What Love Is - 1999 Remaster,Foreigner,1984,305,77
1280,Born in the U.S.A.,Bruce Springsteen,1984,279,75
1281,Vienna,Ultravox,1984,278,53
1282,My Hometown,Bruce Springsteen,1984,280,58
1283,Slippery People - Live,Talking Heads,1984,241,54
1284,The Power Of Love,Frankie Goes To Hollywood,1984,333,72
1285,The Boys Of Summer,Don Henley,1984,289,76
1286,Private Dancer - 2015 Remaster,Tina Turner,1984,434,59
1287,Easy Lover,Philip Bailey,1984,306,64
1288,Be My Number Two,Joe Jackson,1984,260,52
1289,Tinseltown in the Rain,The Blue Nile,1984,358,55
1290,Glory Days,Bruce Springsteen,1984,255,67
1291,It's My Life - 1997 Remaster,Talk Talk,1984,232,69
1292,Heaven,Bryan Adams,1984,243,76
1293,Smalltown Boy,Bronski Beat,1984,302,71
1294,I Would Die 4 U,Prince,1984,179,60
1295,Thank God It's Christmas - 2011 Remaster,Queen,1984,262,72
1296,Let's Go Crazy,Prince,1984,280,62
1297,Wake Me up Before You Go-Go,Wham!,1984,231,79
1298,You'll Never Walk Alone,Lee Towers,1984,210,44
1299,Run To You,Bryan Adams,1984,233,65
1300,Perhaps Love,John Denver,1984,177,59
1301,Don't Answer Me,The Alan Parsons Project,1984,252,57
1302,Nightporter,Japan,1984,408,41
1303,Big in Japan,Alphaville,1984,286,66
1304,Relax,Frankie Goes To Hollywood,1984,237,61
1305,Two Tribes,Frankie Goes To Hollywood,1984,208,54
1306,Dancing with Tears in My Eyes,Ultravox,1984,244,59
1307,That Was Yesterday,Foreigner,1984,229,54
1308,How Soon Is Now? - 2011 Remaster,The Smiths,1984,408,70
1309,No Surrender,Bruce Springsteen,1984,240,52
1310,Brothers in Arms,Dire Straits,1985,419,52
1311,Jeanny,Falco,1985,356,58
1312,Money for Nothing,Dire Straits,1985,506,62
1313,Kronenburg Park,Frank Boeijen Groep,1985,244,53
1314,Walk of Life,Dire Straits,1985,252,61
1315,Take on Me,a-ha,1985,225,83
1316,Groot Hart,De Dijk,1985,195,26
1317,Alive And Kicking,Simple Minds,1985,289,64
1318,Holding Back the Years - 2008 Remaster,Simply Red,1985,270,68
1319,Running Up That Hill (A Deal With God),Kate Bush,1985,299,67
1320,Cloudbusting,Kate Bush,1985,310,60
1321,Binnen Zonder Kloppen,De Dijk,1985,284,26
1322,Nikita,Elton John,1985,343,68
1323,Everybody Wants To Rule The World,Tears For Fears,1985,251,80
1324,Eye of the Tiger,Survivor,1985,246,76
1325,Russians,Sting,1985,238,50
1326,Dancing in the Street - 2002 Remaster,David Bowie,1985,205,57
1327,Raspberry Beret,Prince,1985,215,69
1328,Your Latest Trick,Dire Straits,1985,394,46
1329,Road to Nowhere,Talking Heads,1985,259,55
1330,Why Worry,Dire Straits,1985,511,44
1331,Close to Me - Remastered,The Cure,1985,203,60
1332,So Far Away,Dire Straits,1985,312,50
1333,Broken Wings,Mr. Mister,1985,344,60
1334,Shout,Tears For Fears,1985,394,71
1335,Josephine,Chris Rea,1985,238,57
1336,Greatest Love of All,Whitney Houston,1985,291,66
1337,In Between Days - 2006 Remaster,The Cure,1985,178,54
1338,I Got You Babe,UB40,1985,189,65
1339,Moon Over Bourbon Street,Sting,1985,240,51
1340,We Are The World,U.S.A. For Africa,1985,427,70
1341,Out In The Fields,Gary Moore,1985,258,52
1342,Hunting High and Low,a-ha,1985,224,37
1343,Take Me Home - 2016 Remaster,Phil Collins,1985,354,56
1344,Master of Puppets (Remastered),Metallica,1986,515,67
1345,Angel Of Death,Slayer,1986,291,57
1346,Livin' On A Prayer,Bon Jovi,1986,249,83
1347,Graceland,Paul Simon,1986,291,65
1348,Don't Give Up - 2012 Remaster,Peter Gabriel,1986,394,45
1349,Sometimes It Snows in April,Prince,1986,409,53
1350,A Kind Of Magic - Remastered 2011,Queen,1986,264,54
1351,The Final Countdown,Europe,1986,310,75
1352,De Verzoening,Frank Boeijen Groep,1986,302,47
1353,I Want You,Elvis Costello & The Attractions,1986,401,51
1354,You Can Call Me Al,Paul Simon,1986,280,75
1355,Don't Dream It's Over,Crowded House,1986,237,72
1356,Land of Confusion - 2007 Remaster,Genesis,1986,287,56
1357,Life's What You Make It - 1997 Remaster,Talk Talk,1986,269,59
1358,There Is a Light That Never Goes Out - 2011 Remaster,The Smiths,1986,245,73
1359,You Give Love A Bad Name,Bon Jovi,1986,223,80
1360,The Lady In Red,Chris de Burgh,1986,256,74
1361,One Vision - Remastered 2011,Queen,1986,311,49
1362,Diamonds on the Soles of Her Shoes,Paul Simon,1986,349,63
1363,Absolute Beginners - 2002 Remaster,David Bowie,1986,338,46
1364,Friends Will Be Friends - Remastered 2011,Queen,1986,247,50
1365,Kiss,Prince,1986,226,74
1366,In A Lifetime,Clannad,1986,192,32
1367,Wanted Dead Or Alive,Bon Jovi,1986,309,73
1368,True Colors,Cyndi Lauper,1986,226,69
1369,Bigmouth Strikes Again - 2011 Remaster,The Smiths,1986,193,67
1370,Anne,Herman van Veen,1986,228,42
1371,You Can Leave Your Hat On,Joe Cocker,1986,255,58
1372,Living in Another World - 1997 Remaster,Talk Talk,1986,418,53
1373,"Fire - Live at the Winterland, San Francisco, CA - December 1978",Bruce Springsteen,1986,193,41
1374,Sledgehammer - 2012 Remaster,Peter Gabriel,1986,312,57
1375,Don't Leave Me This Way (with Sarah Jane Morris),The Communards,1986,271,64
1376,The Way It Is,Bruce Hornsby,1986,298,66
1377,Walk This Way (feat. Aerosmith),Run–D.M.C.,1986,310,68
1378,I'll Be Over You,TOTO,1986,230,68
1379,Why Can't This Be Love,Van Halen,1986,228,65
1380,In Your Eyes - 2012 Remaster,Peter Gabriel,1986,330,54
1381,Fight For Your Right,Beastie Boys,1986,209,68
1382,Homeless (with Ladysmith Black Mambazo),Paul Simon,1986,228,49
1383,Live to Tell,Madonna,1986,353,56
1384,West End Girls - 2001 Remaster,Pet Shop Boys,1986,286,68
1385,Invisible Touch - 2007 Remaster,Genesis,1986,210,60
1386,Over De Muur,Klein Orkest,1987,209,55
1387,Sweet Child O' Mine,Guns N' Roses,1987,356,73
1388,With Or Without You - Remastered,U2,1987,296,80
1389,Where The Streets Have No Name - Remastered,U2,1987,338,66
1390,I Still Haven't Found What I'm Looking For,U2,1987,277,76
1391,Paradise City,Guns N' Roses,1987,406,71
1392,Fragile,Sting,1987,236,62
1393,Englishman In New York,Sting,1987,267,71
1394,Troy,Sinéad O'Connor,1987,391,51
1395,Welcome To The Jungle,Guns N' Roses,1987,273,72
1396,Tougher Than the Rest,Bruce Springsteen,1987,274,62
1397,Smooth Criminal - 2012 Remaster,Michael Jackson,1987,258,76
1398,Patience,Guns N' Roses,1987,355,66
1399,Everywhere - 2017 Remaster,Fleetwood Mac,1987,227,78
1400,I Will Follow - Live,U2,1987,239,42
1401,Alone,Heart,1987,219,73
1402,Sign 'O' the Times,Prince,1987,303,54
1403,In the Dutch Mountains,Nits,1987,206,44
1404,Never Tear Us Apart,INXS,1987,186,60
1405,Here I Go Again - 2018 Remaster,Whitesnake,1987,275,65
1406,Liefde Van Later,Herman van Veen,1987,252,41
1407,Unchain My Heart,Joe Cocker,1987,304,62
1408,"Non, je ne regrette rien",Édith Piaf,1987,142,64
1409,Never Gonna Give You Up,Rick Astley,1987,213,66
1410,Running To Stand Still,U2,1987,257,55
1411,I Wanna Dance with Somebody (Who Loves Me),Whitney Houston,1987,291,81
1412,Have A Little Faith In Me,John Hiatt,1987,245,51
1413,Suzanne,Herman van Veen,1987,239,43
1414,The Way You Make Me Feel - 2012 Remaster,Michael Jackson,1987,298,72
1415,The One I Love - Remastered,R.E.M.,1987,198,63
1416,Bad - 2012 Remaster,Michael Jackson,1987,247,68
1417,Apache,The Shadows,1987,174,53
1418,The Cross,Prince,1987,286,42
1419,Luka,Suzanne Vega,1987,232,45
1420,Seven Wonders - 2017 Remaster,Fleetwood Mac,1987,222,63
1421,Lessons In Love,Level 42,1987,246,62
1422,Brilliant Disguise,Bruce Springsteen,1987,255,57
1423,It's a Sin - 2001 Remaster,Pet Shop Boys,1987,299,66
1424,Bullet The Blue Sky,U2,1987,272,55
1425,Wonderful Life,Black,1987,288,64
1426,It's The End Of The World As We Know It (And I Feel Fine),R.E.M.,1987,247,67
1427,Is This Love - 2018 Remaster,Whitesnake,1987,284,58
1428,Laat Mij Maar Alleen,Klein Orkest,1987,201,40
1429,You Win Again,Bee Gees,1987,241,63
1430,Liberian Girl - 2012 Remastered Version,Michael Jackson,1987,233,59
1431,Winter in Hamburg,Frank Boeijen Groep,1987,318,37
1432,One (Remastered),Metallica,1988,446,67
1433,Fast Car,Tracy Chapman,1988,297,77
1434,Dreams,Fleetwood Mac,1988,254,59
1435,Sara,Fleetwood Mac,1988,382,56
1436,Stop Loving You,TOTO,1988,269,63
1437,Can I Play with Madness - 2015 Remaster,Iron Maiden,1988,211,42
1438,Tonight (With David Bowie) - Live,Tina Turner,1988,255,44
1439,Tusk,Fleetwood Mac,1988,210,54
1440,Maid Of Orleans,Orchestral Manoeuvres In The Dark,1988,252,34
1441,Like The Way I Do,Melissa Etheridge,1988,324,57
1442,Little Lies,Fleetwood Mac,1988,218,59
1443,Zwart Wit,Frank Boeijen Groep,1988,186,46
1444,All I Want Is You,U2,1988,390,63
1445,Take This Waltz,Leonard Cohen,1988,358,40
1446,Musica è,Eros Ramazzotti,1988,659,38
1447,When Love Comes To Town,U2,1988,254,50
1448,Ich bin wie du,Marianne Rosenberg,1988,218,45
1449,Pamela,TOTO,1988,310,53
1450,Orinoco Flow,Enya,1988,266,57
1451,Listen to Your Heart,Roxette,1988,328,76
1452,Fairytale of New York (feat. Kirsty MacColl),The Pogues,1988,272,83
1453,Living Years,Mike & The Mechanics,1988,330,55
1454,Mushanga,TOTO,1988,335,45
1455,Baby Can I Hold You,Tracy Chapman,1988,193,72
1456,Big Love,Fleetwood Mac,1988,219,49
1457,Angel Of Harlem,U2,1988,229,59
1458,Handle With Care,Traveling Wilburys,1988,200,63
1459,(Something Inside) So Strong,Labi Siffre,1988,337,50
1460,Into Temptation,Crowded House,1988,274,49
1461,Twist in My Sobriety,Tanita Tikaram,1988,292,46
1462,Sympathy For The Devil,The Rolling Stones,1989,377,56
1463,Another Day in Paradise - 2016 Remaster,Phil Collins,1989,322,74
1464,Niemand In De Stad,De Dijk,1989,291,41
1465,Rockin' in the Free World,Neil Young,1989,282,65
1466,Poison,Alice Cooper,1989,270,70
1467,I Want It All - Remastered 2011,Queen,1989,242,55
1468,Ik Kan Het Niet Alleen,De Dijk,1989,239,52
1469,Leningrad,Billy Joel,1989,243,49
1470,Have I Told You Lately,Van Morrison,1989,260,68
1471,Lullaby,The Cure,1989,250,53
1472,The Best,Tina Turner,1989,330,64
1473,Breakthru - Remastered 2011,Queen,1989,248,48
1474,Need Your Love So Bad,Fleetwood Mac,1989,233,49
1475,Daar Gaat Ze,Clouseau,1989,229,39
1476,Personal Jesus - Original Seven Inch Version,Depeche Mode,1989,225,61
1477,Kingston Town,UB40,1989,228,49
1478,Woman In Chains,Tears For Fears,1989,391,66
1479,Nergens Goed Voor,De Dijk,1989,262,47
1480,I Wish It Would Rain Down - 2016 Remaster,Phil Collins,1989,328,61
1481,If You Don't Know Me by Now - 2008 Remaster,Simply Red,1989,204,72
1482,Free Fallin',Tom Petty,1989,256,76
1483,Let Love Rule,Lenny Kravitz,1989,342,51
1484,Epic,Faith No More,1989,294,68
1485,Black Velvet,Alannah Myles,1989,287,71
1486,We Didn't Start the Fire,Billy Joel,1989,288,73
1487,Sowing The Seeds Of Love,Tears For Fears,1989,377,62
1488,New York Minute,Don Henley,1989,395,55
1489,Something Happened on the Way to Heaven - 2016 Remaster,Phil Collins,1989,292,57
1490,Lovesong,The Cure,1989,210,60
1491,Monkey Gone to Heaven,Pixies,1989,177,61
1492,The Miracle - Remastered 2011,Queen,1989,301,33
1493,The Invisible Man - Remastered 2011,Queen,1989,238,47
1494,If I Could Turn Back Time,Cher,1989,240,72
1495,Love Shack,The B-52's,1989,322,69
1496,Thunderstruck,AC/DC,1990,293,81
1497,Papa,Stef Bos,1990,193,57
1498,Enjoy the Silence - Single Mix,Depeche Mode,1990,257,65
1499,Still Got The Blues,Gary Moore,1990,371,65
1500,Wind Of Change,Scorpions,1990,312,77
1501,Nothing Compares 2 U,Sinéad O'Connor,1990,280,71
1502,Silent Lucidity - Remastered/2003,Queensrÿche,1990,348,61
1503,Such a Shame,Talk Talk,1990,258,57
1504,Hunger Strike,Temple Of The Dog,1990,246,59
1505,Candy,Iggy Pop,1990,253,60
1506,Send Me An Angel,Scorpions,1990,273,69
1507,Don't Go Breaking My Heart,Elton John,1990,271,69
1508,"Night Fever - From ""Saturday Night Fever"" Soundtrack",Bee Gees,1990,210,54
1509,More Than Words,Extreme,1990,334,67
1510,"It Must Have Been Love - From the Film ""Pretty Woman""",Roxette,1990,259,73
1511,Domino,Clouseau,1990,248,31
1512,Met Hart En Ziel,Tröckener Kecks,1990,226,38
1513,Love Rears Its Ugly Head,Living Colour,1990,259,50
1514,Hard To Handle,The Black Crowes,1990,188,68
1515,Black,Pearl Jam,1991,343,75
1516,De Boer Is De Keerl,Normaal,1991,221,51
1517,November Rain,Guns N' Roses,1991,536,80
1518,Nothing Else Matters,Metallica,1991,389,69
1519,Smells Like Teen Spirit,Nirvana,1991,302,74
1520,Innuendo - Remastered 2011,Queen,1991,393,49
1521,Alive,Pearl Jam,1991,341,75
1522,Enter Sandman,Metallica,1991,332,74
1523,Who Wants To Live Forever - Remastered 2011,Queen,1991,295,51
1524,Under the Bridge,Red Hot Chili Peppers,1991,264,81
1525,Deurdonderen,Normaal,1991,234,49
1526,The Show Must Go On - 2011 Mix,Queen,1991,278,58
1527,Losing My Religion,R.E.M.,1991,268,81
1528,Come As You Are,Nirvana,1991,219,72
1529,Jeremy,Pearl Jam,1991,318,73
1530,One,U2,1991,276,77
1531,Knockin' On Heaven's Door,Guns N' Roses,1991,336,77
1532,The Unforgiven,Metallica,1991,387,65
1533,These Are The Days Of Our Lives - 2011 Remaster,Queen,1991,255,49
1534,Lithium,Nirvana,1991,257,68
1535,Lekker Op De Trekker ('n Boerinnen-Wervingslied),Mannenkoor Karrespoor,1991,216,39
1536,Estranged,Guns N' Roses,1991,564,63
1537,Even Flow,Pearl Jam,1991,293,75
1538,Hammer To Fall - Remastered 2011,Queen,1991,218,55
1539,Sad But True,Metallica,1991,325,63
1540,Year of the Cat - 2001 Remaster,Al Stewart,1991,401,61
1541,Don't Cry (Original),Guns N' Roses,1991,284,74
1542,(Everything I Do) I Do It For You,Bryan Adams,1991,394,64
1543,No More Tears,Ozzy Osbourne,1991,443,66
1544,You,Ten Sharp,1991,273,61
1545,Heal the World,Michael Jackson,1991,384,68
1546,Bestel Mar (edit),Rowwen Hèze,1991,187,48
1547,On Every Street,Dire Straits,1991,302,56
1548,Give It Away,Red Hot Chili Peppers,1991,283,73
1549,Four Seasons In One Day,Crowded House,1991,170,51
1550,Walking in Memphis,Marc Cohn,1991,253,69
1551,Learning To Fly,Tom Petty and the Heartbreakers,1991,242,71
1552,Live And Let Die,Guns N' Roses,1991,183,68
1553,In Bloom - Nevermind Version,Nirvana,1991,255,64
1554,Weather With You,Crowded House,1991,224,69
1555,Shiny Happy People,R.E.M.,1991,226,70
1556,Stars,Simply Red,1991,249,49
1557,I'm Going Slightly Mad - Remastered 2011,Queen,1991,263,48
1558,On the Border - 2001 Remaster,Al Stewart,1991,202,49
1559,Diamonds and Pearls,Prince,1991,285,47
1560,I Can't Dance - 2007 Remaster,Genesis,1991,241,54
1561,No Son of Mine - 2007 Remaster,Genesis,1991,399,39
1562,I Can't Make You Love Me,Bonnie Raitt,1991,333,66
1563,Love of the Common People,Paul Young,1991,221,55
1564,Mysterious Ways,U2,1991,244,63
1565,We Don't Need Another Hero (Thunderdome),Tina Turner,1991,255,61
1566,Calling Elvis,Dire Straits,1991,385,54
1567,Killing In The Name,Rage Against The Machine,1992,314,78
1568,Fear of the Dark - 2015 Remaster,Iron Maiden,1992,438,55
1569,Bed Of Roses,Bon Jovi,1992,394,73
1570,Everybody Hurts,R.E.M.,1992,320,74
1571,Kayleigh,Marillion,1992,243,58
1572,"Layla - Acoustic; Live at MTV Unplugged, Bray Film Studios, Windsor, England, UK, 1/16/1992; 2013 Remaster",Eric Clapton,1992,289,70
1573,I Will Always Love You,Whitney Houston,1992,271,77
1574,Nightswimming,R.E.M.,1992,258,62
1575,Conquest of Paradise,Vangelis,1992,278,61
1576,Would?,Alice In Chains,1992,207,71
1577,Friday I'm in Love,The Cure,1992,214,67
1578,Sharp Dressed Man,ZZ Top,1992,252,53
1579,Man On The Moon,R.E.M.,1992,314,67
1580,Gimme All Your Lovin',ZZ Top,1992,240,44
1581,What's Up?,4 Non Blondes,1992,296,78
1582,Lavender,Marillion,1992,224,51
1583,Plush - 2017 Remaster,Stone Temple Pilots,1992,314,61
1584,Eloise,Barry Ryan,1992,345,45
1585,Harvest Moon,Neil Young,1992,303,71
1586,Drive,R.E.M.,1992,271,62
1587,Remedy,The Black Crowes,1992,323,56
1588,I've Got Dreams to Remember,Otis Redding,1992,196,49
1589,Jump Around,House Of Pain,1992,215,74
1590,Human Touch,Bruce Springsteen,1992,389,58
1591,Vlieg Met Me Mee - Live,Paul de Leeuw,1992,312,40
1592,In These Arms,Bon Jovi,1992,319,59
1593,Out Of Space,The Prodigy,1992,298,48
1594,Find The River,R.E.M.,1992,230,58
1595,I Have Nothing,Whitney Houston,1992,289,73
1596,Rosalyn,Vitesse,1992,208,39
1597,Rooster,Alice In Chains,1992,374,68
1598,Why,Annie Lennox,1992,294,64
1599,Rhythm Is A Dancer,SNAP!,1992,332,57
1600,Keep The Faith,Bon Jovi,1992,347,58
1601,No Rain,Blind Melon,1992,217,73
1602,Creep,Radiohead,1993,239,82
1603,Proud Mary,Tina Turner,1993,327,66
1604,Fields Of Gold,Sting,1993,222,69
1605,Eagle - Short Version,ABBA,1993,263,41
1606,Linger,The Cranberries,1993,275,75
1607,Alles Geprobeerd,Het Goede Doel,1993,388,38
1608,I'd Do Anything For Love (But I Won't Do That) - Single Edit,Meat Loaf,1993,316,59
1609,Shape Of My Heart,Sting,1993,279,72
1610,I Will Survive - Single Version,Gloria Gaynor,1993,199,60
1611,Ordinary World,Duran Duran,1993,340,72
1612,Disarm - Remastered,The Smashing Pumpkins,1993,197,62
1613,Mr. Jones,Counting Crows,1993,272,76
1614,Heart-Shaped Box,Nirvana,1993,281,74
1615,Daughter (Remastered),Pearl Jam,1993,234,68
1616,In-A-Gadda-Da-Vida - Single Version,Iron Butterfly,1993,174,57
1617,Gaia,Valensia,1993,331,39
1618,Mull Of Kintyre - 1993 Digital Remaster,Wings,1993,283,56
1619,Cose della vita,Eros Ramazzotti,1993,289,48
1620,Are You Gonna Go My Way,Lenny Kravitz,1993,212,72
1621,What's Love Got to Do with It,Tina Turner,1993,227,69
1622,Rearviewmirror (Remastered),Pearl Jam,1993,283,58
1623,La solitudine,Laura Pausini,1993,241,57
1624,Up Where We Belong,Joe Cocker,1993,233,54
1625,Rape Me,Nirvana,1993,170,64
1626,Round Here,Counting Crows,1993,331,61
1627,I Want You Back,The Jackson 5,1993,181,65
1628,Younger Days,The Fatal Flowers,1993,188,42
1629,All Apologies,Nirvana,1993,233,67
1630,Zombie,The Cranberries,1994,306,80
1631,Hallelujah,Jeff Buckley,1994,414,73
1632,Oude Maasweg,The Amazing Stroopwafels,1994,206,45
1633,Lightning Crashes,Live,1994,326,64
1634,Black Hole Sun,Soundgarden,1994,319,76
1635,The Man Who Sold The World,Nirvana,1994,261,73
1636,Basket Case,Green Day,1994,182,79
1637,Where Did You Sleep Last Night,Nirvana,1994,306,68
1638,High Hopes,Pink Floyd,1994,511,59
1639,Kiss from a Rose,Seal,1994,288,72
1640,Always,Bon Jovi,1994,353,76
1641,All I Want for Christmas Is You,Mariah Carey,1994,241,95
1642,I Alone,Live,1994,231,62
1643,Sabotage,Beastie Boys,1994,178,71
1644,Smooth Operator - Single Version,Sade,1994,259,66
1645,Glory Box,Portishead,1994,309,67
1646,Dromen Zijn Bedrog,Marco Borsato,1994,243,56
1647,Ode To My Family,The Cranberries,1994,271,69
1648,No Good (Start the Dance) [Remastered],The Prodigy,1994,378,56
1649,When I Come Around,Green Day,1994,178,75
1650,Live Forever - Remastered,Oasis,1994,277,55
1651,Mmm Mmm Mmm Mmm,Crash Test Dummies,1994,235,57
1652,Annabel,Hans De Booij,1994,213,45
1653,Polly,Nirvana,1994,196,57
1654,Grace,Jeff Buckley,1994,322,59
1655,Stil In Mij,Van Dik Hout,1995,245,58
1656,Wonderwall - Remastered,Oasis,1995,259,71
1657,Don't Look Back In Anger - Remastered,Oasis,1995,290,63
1658,Streets of Philadelphia - Single Edit,Bruce Springsteen,1995,195,70
1659,Earth Song,Michael Jackson,1995,406,63
1660,Street Spirit (Fade Out),Radiohead,1995,254,62
1661,Man in the Mirror,Michael Jackson,1995,319,64
1662,Aan De Kust,BLØF,1995,223,47
1663,Beat It,Michael Jackson,1995,258,60
1664,Margherita,Marco Borsato,1995,250,52
1665,Vivo per lei,Andrea Bocelli,1995,266,64
1666,Circle Of Life,Elton John,1995,290,54
1667,They Don't Care About Us,Michael Jackson,1995,284,69
1668,Champagne Supernova - Remastered,Oasis,1995,448,63
1669,You Do Something To Me,Paul Weller,1995,219,58
1670,Lemon Tree,Fools Garden,1995,191,73
1671,Weak,Skunk Anansie,1995,212,24
1672,Ik Leef Niet Meer Voor Jou,Marco Borsato,1995,217,60
1673,Gangsta's Paradise,Coolio,1995,241,80
1674,Con Te Partirò,Andrea Bocelli,1995,251,66
1675,Don't Speak,No Doubt,1995,264,67
1676,Heaven For Everyone - Remastered 2011,Queen,1995,336,49
1677,Fake Plastic Trees,Radiohead,1995,291,70
1678,Too Much Love Will Kill You - 2011 Remaster,Queen,1995,259,49
1679,1979 - Remastered 2012,The Smashing Pumpkins,1995,266,74
1680,Avalon,Roxy Music,1995,257,46
1681,You Don't Fool Me - Remastered 2011,Queen,1995,325,45
1682,Can You Feel The Love Tonight,Elton John,1995,240,58
1683,Dear Mama,2Pac,1995,280,72
1684,Diane,Therapy?,1995,300,44
1685,Stranger in Moscow,Michael Jackson,1995,344,58
1686,An American Trilogy,Elvis Presley,1995,272,31
1687,Secret Garden,Bruce Springsteen,1995,267,61
1688,"Tonight, Tonight - Remastered 2012",The Smashing Pumpkins,1995,255,68
1689,Bullet With Butterfly Wings - Remastered 2012,The Smashing Pumpkins,1995,258,71
1690,A Winter's Tale - 2011 Remaster,Queen,1995,230,29
1691,Gold,Prince,1995,443,46
1692,High And Dry,Radiohead,1995,257,72
1693,Fairground,Simply Red,1995,333,56
1694,Avond,Boudewijn de Groot,1996,277,40
1695,She - Tous les visages de l’amour,Charles Aznavour,1996,153,60
1696,Insomnia,Faithless,1996,527,55
1697,Jesus to a Child,George Michael,1996,411,62
1698,Down Under,Men At Work,1996,221,74
1699,Jump,Van Halen,1996,240,57
1700,Het Is Een Nacht... (Levensecht),Guus Meeuwis,1996,225,58
1701,Where the Wild Roses Grow - 2011 - Remaster,Nick Cave & The Bad Seeds,1996,237,59
1702,Beautiful Noise,Neil Diamond,1996,193,57
1703,Yesterday When I Was Young,Charles Aznavour,1996,215,53
1704,De Waarheid,Marco Borsato,1996,312,50
1705,Wereld Zonder Jou,Marco Borsato,1996,236,55
1706,Wannabe,Spice Girls,1996,173,80
1707,Hedonism (Just Because You Feel Good),Skunk Anansie,1996,207,32
1708,Killing Me Softly With His Song,Fugees,1996,299,74
1709,You Have Been Loved,George Michael,1996,331,53
1710,Children,Robert Miles,1996,243,67
1711,No Diggity,Blackstreet,1996,305,76
1712,"Casser la voix - Live ""Si Ce Soir""",Patrick Bruel,1996,455,35
1713,Beautiful Goodbye,Amanda Marshall,1996,317,37
1714,Ain't Nobody,Chaka Khan,1996,281,70
1715,A Long December,Counting Crows,1996,295,63
1716,Novocaine For The Soul,Eels,1996,189,54
1717,Per Spoor (Kedeng Kedeng),Guus Meeuwis,1996,253,49
1718,Bitter Sweet Symphony,The Verve,1997,357,78
1719,Zeg Me Dat Het Niet Zo Is,Frank Boeijen,1997,161,48
1720,Du hast,Rammstein,1997,234,67
1721,"Take Me Home, Country Roads",John Denver,1997,198,77
1722,Karma Police,Radiohead,1997,264,74
1723,Everlong,Foo Fighters,1997,251,77
1724,Op Fietse,Skik,1997,291,46
1725,Paranoid Android,Radiohead,1997,387,67
1726,Lopen Tot De Zon Komt,Acda en de Munnik,1997,206,49
1727,Into My Arms - 2011 Remastered Version,Nick Cave & The Bad Seeds,1997,256,65
1728,Engel,Rammstein,1997,264,60
1729,k Heb Je Lief,Paul de Leeuw,1997,284,54
1730,Chan Chan,Buena Vista Social Club,1997,257,68
1731,Firestarter,The Prodigy,1997,280,64
1732,The Unforgiven II,Metallica,1997,396,55
1733,Smack My Bitch Up,The Prodigy,1997,343,65
1734,You'll Never Walk Alone,Gerry & The Pacemakers,1997,160,55
1735,Good Riddance (Time of Your Life),Green Day,1997,153,75
1736,Candle In The Wind 1997,Elton John,1997,250,53
1737,No Surprises,Radiohead,1997,229,71
1738,Als Het Vuur Gedoofd Is,Acda en de Munnik,1997,234,42
1739,Little Green Bag,George Baker Selection,1997,195,44
1740,Beds Are Burning - Remastered,Midnight Oil,1997,258,63
1741,"My Heart Will Go On - Love Theme from ""Titanic""",Céline Dion,1997,280,75
1742,t Dondert En 't Bliksemt,Guus Meeuwis,1997,192,50
1743,Breathe,The Prodigy,1997,335,66
1744,The Memory Remains,Metallica,1997,279,51
1745,N'oubliez Jamais,Joe Cocker,1997,283,35
1746,Tell Him,Barbra Streisand,1997,291,47
1747,Mooi Liedje,Acda en de Munnik,1997,179,42
1748,Can't Stand Losing You,The Police,1997,181,45
1749,Songbird,Eva Cassidy,1997,225,61
1750,Hier Komt De Storm,Frank Boeijen Groep,1997,388,31
1751,The Drugs Don't Work,The Verve,1997,305,64
1752,Around the World,Daft Punk,1997,430,70
1753,Somebody to Love,George Michael,1998,319,57
1754,Nobody's Wife,Anouk,1998,206,33
1755,Als Ze Er Niet Is,De Dijk,1998,211,50
1756,Careless Whisper,George Michael,1998,300,76
1757,Whiskey In The Jar,Metallica,1998,305,61
1758,Don't Let the Sun Go Down on Me,George Michael,1998,347,66
1759,The Whole of the Moon,The Waterboys,1998,299,59
1760,Liefs Uit Londen,BLØF,1998,239,51
1761,Narcotic - Long Version,Liquido,1998,278,42
1762,New Year's Day,U2,1998,257,58
1763,Cowboys and Angels,George Michael,1998,435,43
1764,Zelfs Je Naam Is Mooi,Henk Westbroek,1998,270,49
1765,Toen Ik Je Zag - Single Version,Hero,1998,205,47
1766,"I Don't Want to Miss a Thing - From ""Armageddon"" Soundtrack",Aerosmith,1998,299,76
1767,Fields Of Gold,Eva Cassidy,1998,282,62
1768,A Different Corner,George Michael,1998,244,58
1769,Teardrop,Massive Attack,1998,331,69
1770,Faith,George Michael,1998,194,46
1771,Father Figure,George Michael,1998,340,51
1772,Niet Of Nooit Geweest,Acda en de Munnik,1998,242,54
1773,Is Dit Nu Later,Stef Bos,1998,257,39
1774,De Bestemming,Marco Borsato,1998,266,50
1775,Freak On a Leash,Korn,1998,256,73
1776,Onderuit,De Dijk,1998,313,35
1777,Non non rien n'a changé,Les Poppys,1998,190,50
1778,I'm Not so Tough,Ilse DeLange,1998,268,40
1779,Killer / Papa Was a Rollin' Stone,George Michael,1998,255,51
1780,I Knew You Were Waiting (For Me),George Michael,1998,238,63
1781,If You Tolerate This Your Children Will Be Next,Manic Street Preachers,1998,291,37
1782,Praying for Time,George Michael,1998,281,45
1783,Hilversum 3,Herman van Veen,1998,233,39
1784,The Reflex,Duran Duran,1998,267,50
1785,World of Hurt,Ilse DeLange,1998,234,40
1786,As,George Michael,1998,282,61
1787,Pure Morning,Placebo,1998,255,60
1788,She's The One,Robbie Williams,1998,258,68
1789,Ik Heb Je Lief,Stef Bos,1998,231,44
1790,Pretty Fly (For A White Guy),The Offspring,1998,189,72
1791,I Can't Make You Love Me,George Michael,1998,321,53
1792,Praise You,Fatboy Slim,1998,323,44
1793,Sacrifice,Anouk,1998,238,11
1794,Toveren,Herman van Veen,1998,206,44
1795,Kissing a Fool,George Michael,1998,275,56
1796,Hijo de la Luna,Mecano,1998,266,62
1797,"Slaap Zacht , Elisabeth",Acda en de Munnik,1998,263,37
1798,Angels,Robbie Williams,1999,266,50
1799,Tears in Heaven,Eric Clapton,1999,272,61
1800,Californication,Red Hot Chili Peppers,1999,330,81
1801,Harder Dan Ik Hebben Kan,BLØF,1999,254,57
1802,Learn to Fly,Foo Fighters,1999,235,74
1803,Total Eclipse of the Heart,Bonnie Tyler,1999,270,75
1804,Scar Tissue,Red Hot Chili Peppers,1999,216,77
1805,Otherside,Red Hot Chili Peppers,1999,255,78
1806,"You'll Be In My Heart - From ""Tarzan""/Soundtrack Version",Phil Collins,1999,258,62
1807,Let Me Entertain You,Robbie Williams,1999,261,44
1808,Road Trippin',Red Hot Chili Peppers,1999,205,62
1809,Jesus He Knows Me,Genesis,1999,256,18
1810,The Family Tree,Venice,1999,205,41
1811,Porcelain,Moby,1999,241,54
1812,Unintended,Muse,1999,237,61
1813,LA Song,Beth Hart,1999,217,41
1814,The Dolphin's Cry,Live,1999,264,56
1815,All Star,Smash Mouth,1999,200,80
1816,Why Does My Heart Feel So Bad?,Moby,1999,265,45
1817,Il Volo,Zucchero,1999,332,24
1818,The Next Episode,Dr. Dre,1999,162,70
1819,Geen Kind Meer,Karin Bloemen,1999,263,38
1820,All The Small Things,blink-182,1999,167,79
1821,Run To The Water,Live,1999,268,48
1822,Hart Van Mijn Gevoel,De Kast,1999,269,44
1823,Smooth (feat. Rob Thomas),Santana,1999,295,70
1824,My Name Is,Eminem,1999,268,72
1825,Desert Rose,Sting,1999,286,52
1826,Hey Boy Hey Girl,The Chemical Brothers,1999,290,65
1827,At Last,Etta James,1960,180,74
1828,Can't Help Falling in Love,Elvis Presley,1961,182,78
1829,Fly Me To The Moon (In Other Words),Frank Sinatra,1962,147,77
1830,Stand by Me,Ben E. King,1962,180,77
1831,"Oh, Pretty Woman",Roy Orbison,1962,179,73
1832,Ring of Fire,Johnny Cash,1963,158,71
1833,Blowin' in the Wind,Bob Dylan,1963,165,69
1834,In Dreams,Roy Orbison,1963,169,57
1835,Twist And Shout - Remastered 2009,The Beatles,1963,155,74
1836,Are You Lonesome Tonight,Elvis Presley,1963,187,59
1837,I Saw Her Standing There - Remastered 2009,The Beatles,1963,174,71
1838,"Don't Think Twice, It's All Right",Bob Dylan,1963,217,65
1839,The Sound of Silence - Acoustic Version,Simon & Garfunkel,1964,185,75
1840,House Of The Rising Sun,The Animals,1964,271,69
1841,Folsom Prison Blues,Johnny Cash,1964,156,58
1842,The Times They Are A-Changin',Bob Dylan,1964,192,69
1843,A Change Is Gonna Come,Sam Cooke,1964,191,66
1844,A Hard Day's Night - Remastered 2009,The Beatles,1964,154,69
1845,Nathalie,Gilbert Bécaud,1964,245,53
1846,Eight Days A Week - Remastered 2009,The Beatles,1964,164,66
1847,It's All Over Now - Mono Version,The Rolling Stones,1964,206,46
1848,Yesterday - Remastered 2009,The Beatles,1965,126,78
1849,(I Can't Get No) Satisfaction - Mono Version,The Rolling Stones,1965,223,77
1850,Like a Rolling Stone,Bob Dylan,1965,370,71
1851,Norwegian Wood (This Bird Has Flown) - Remastered 2009,The Beatles,1965,125,69
1852,Help! - Remastered 2009,The Beatles,1965,140,73
1853,Unchained Melody,The Righteous Brothers,1965,218,70
1854,Michelle - Remastered 2009,The Beatles,1965,162,67
1855,Feeling Good,Nina Simone,1965,174,74
1856,My Generation - Stereo Version,The Who,1965,199,71
1857,In My Life - Remastered 2009,The Beatles,1965,146,74
1858,As Tears Go By - Mono Version,The Rolling Stones,1965,165,53
1859,It Was A Very Good Year,Frank Sinatra,1965,267,62
1860,Time Is On My Side - Mono Version,The Rolling Stones,1965,179,53
1861,Little Red Rooster - Mono Version,The Rolling Stones,1965,186,47
1862,Mr. Tambourine Man,The Byrds,1965,149,62
1863,"Paint It, Black",The Rolling Stones,1966,202,78
1864,God Only Knows - Remastered,The Beach Boys,1966,173,72
1865,California Dreamin' - Single Version,The Mamas & The Papas,1966,162,76
1866,Eleanor Rigby - Remastered 2009,The Beatles,1966,127,71
1867,River Deep - Mountain High,Ike & Tina Turner,1966,215,57
1868,That's Life,Frank Sinatra,1966,187,75
1869,Jumpin' Jack Flash - Mono,The Rolling Stones,1966,219,65
1870,Scarborough Fair / Canticle,Simon & Garfunkel,1966,190,63
1871,Sloop John B - Remastered,The Beach Boys,1966,180,61
1872,Homeward Bound,Simon & Garfunkel,1966,150,65
1873,Under My Thumb,The Rolling Stones,1966,222,64
1874,I Want You,Bob Dylan,1966,185,58
1875,When a Man Loves a Woman,Percy Sledge,1966,174,66
1876,Sunny Afternoon - Mono Mix,The Kinks,1966,211,67
1877,How Can We Hang On To A Dream,Tim Hardin,1966,123,48
1878,"Monday, Monday - Single Version",The Mamas & The Papas,1966,208,62
1879,For No One - Remastered 2009,The Beatles,1966,120,63
1880,"It's A Man's, Man's, Man's World",James Brown & The Famous Flames,1966,167,63
1881,Try a Little Tenderness,Otis Redding,1966,202,64
1882,Wouldn't It Be Nice - Stereo Mix,The Beach Boys,1966,153,72
1883,Nights In White Satin - Single Version / Mono Mix,The Moody Blues,1967,269,68
1884,The End,The Doors,1967,703,61
1885,A Day In The Life - Remastered 2009,The Beatles,1967,337,67
1886,Brown Eyed Girl,Van Morrison,1967,183,79
1887,Respect,Aretha Franklin,1967,148,73
1888,White Rabbit,Jefferson Airplane,1967,151,69
1889,Penny Lane,The Beatles,1967,182,45
1890,Suzanne,Leonard Cohen,1967,229,66
1891,Hey Joe,Jimi Hendrix,1967,210,71
1892,Good Vibrations - Remastered,The Beach Boys,1967,219,71
1893,Light My Fire,The Doors,1967,430,72
1894,Strawberry Fields Forever - Remastered 2009,The Beatles,1967,247,70
1895,"So Long, Marianne",Leonard Cohen,1967,341,62
1896,Little Wing,Jimi Hendrix,1967,146,69
1897,The Fool On The Hill - Remastered 2009,The Beatles,1967,179,58
1898,People Are Strange,The Doors,1967,130,70
1899,The Wind Cries Mary,Jimi Hendrix,1967,201,63
1900,Sgt. Pepper's Lonely Hearts Club Band - Remastered 2009,The Beatles,1967,123,65
1901,Lucy In The Sky With Diamonds - Remastered 2009,The Beatles,1967,208,69
1902,Purple Haze,Jimi Hendrix,1967,171,72
1903,Ruby Tuesday,The Rolling Stones,1967,196,63
1904,All You Need Is Love - Remastered 2009,The Beatles,1967,230,68
1905,"He Ain't Heavy, He's My Brother",The Hollies,1967,258,50
1906,When I'm Sixty Four - Remastered 2009,The Beatles,1967,158,65
1907,Somebody Will Know Someday,Cuby & The Blizzards,1967,413,37
1908,I Am The Walrus - Remastered 2009,The Beatles,1967,276,65
1909,Guitar Man,Elvis Presley,1967,139,41
1910,Ain't No Mountain High Enough,Marvin Gaye,1967,152,80
1911,San Francisco (Be Sure to Wear Some Flowers In Your Hair),Scott McKenzie,1967,179,53
1912,She's Leaving Home - Remastered 2009,The Beatles,1967,215,63
1913,I'm a Believer - 2006 Remaster,The Monkees,1967,167,73
1914,Waterloo Sunset - Mono Mix,The Kinks,1967,194,66
1915,Sunshine Of Your Love,Cream,1967,250,74
1916,Break on Through (To the Other Side),The Doors,1967,146,72
1917,Somebody to Love,Jefferson Airplane,1967,175,69
1918,Green Green Grass Of Home,Tom Jones,1967,185,62
1919,To Love Somebody,Bee Gees,1967,182,66
1920,Pastorale - Remastered,Liesbeth List,1968,256,45
1921,(Sittin' On) the Dock of the Bay,Otis Redding,1968,164,73
1922,Blackbird - Remastered 2009,The Beatles,1968,138,74
1923,I Put A Spell On You,Creedence Clearwater Revival,1968,272,60
1924,While My Guitar Gently Weeps - Remastered 2009,The Beatles,1968,285,70
1925,All Along the Watchtower,Jimi Hendrix,1968,241,77
1926,"Window Of My Eyes - From ""The American"" Soundtrack",Cuby & The Blizzards,1968,206,43
1927,I Say a Little Prayer,Aretha Franklin,1968,217,75
1928,(You Make Me Feel Like) A Natural Woman,Aretha Franklin,1968,167,69
1929,White Room,Cream,1968,298,74
1930,"Mrs. Robinson - From ""The Graduate"" Soundtrack",Simon & Garfunkel,1968,244,76
1931,What A Wonderful World - Single Version,Louis Armstrong,1968,139,68
1932,Lea,The Cats,1968,222,48
1933,The Weight - Remastered,The Band,1968,274,72
1934,Ain't Got No - I Got Life - Remastered,Nina Simone,1968,176,48
1935,Voodoo Child (Slight Return),Jimi Hendrix,1968,313,67
1936,Suzie Q,Creedence Clearwater Revival,1968,517,56
1937,Born To Be Wild - Single Version,Steppenwolf,1968,213,67
1938,Words,Bee Gees,1968,198,59
1939,Massachussetts,Bee Gees,1968,148,57
1940,Times Were When,The Cats,1968,191,43
1941,I Started A Joke,Bee Gees,1968,188,66
1942,MacArthur Park,Richard Harris,1968,450,36
1943,I'd Rather Go Blind,Etta James,1968,157,67
1944,Daydream Believer,The Monkees,1968,180,69
1945,Back In The U.S.S.R. - Remastered 2009,The Beatles,1968,163,66
1946,"Girl, You'll Be A Woman Soon",Neil Diamond,1968,180,59
1947,Here Comes The Sun - Remastered 2009,The Beatles,1969,186,82
1948,Space Oddity - 2015 Remaster,David Bowie,1969,319,73
1949,Gimme Shelter,The Rolling Stones,1969,271,76
1950,Suspicious Minds,Elvis Presley,1969,261,72
1951,Whole Lotta Love - 1990 Remaster,Led Zeppelin,1969,334,76
1952,Sweet Caroline,Neil Diamond,1969,204,78
1953,Fortunate Son,Creedence Clearwater Revival,1969,141,80
1954,In the Ghetto,Elvis Presley,1969,167,63
1955,Bad Moon Rising,Creedence Clearwater Revival,1969,142,77
1956,You Can't Always Get What You Want,The Rolling Stones,1969,449,67
1957,With A Little Help From My Friends,Joe Cocker,1969,312,69
1958,My Way,Frank Sinatra,1969,277,73
1959,Come Together - Remastered 2009,The Beatles,1969,260,79
1960,Something - Remastered 2009,The Beatles,1969,182,72
1961,Albatross - 2018 Remaster,Fleetwood Mac,1969,191,50
1962,Just A Little Bit Of Peace In My Heart,Golden Earring,1969,320,42
1963,Venus,Shocking Blue,1969,188,59
1964,Son of a Preacher Man,Dusty Springfield,1969,149,61
1965,Pinball Wizard,The Who,1969,181,69
1966,Marian,The Cats,1969,240,46
1967,Proud Mary,Creedence Clearwater Revival,1969,187,60
1968,Beautiful People,Melanie,1969,215,44
1969,Oh Well (Pt. 1) - 2013 Remaster,Fleetwood Mac,1969,202,41
1970,Born On The Bayou,Creedence Clearwater Revival,1969,315,59
1971,Scarlet Ribbons,The Cats,1969,197,44
1972,The Thrill Is Gone,B.B. King,1969,325,60
1973,Dazed and Confused,Led Zeppelin,1969,386,63
1974,Overture,The Who,1969,320,43
1975,Streets of London,Ralph McTell,1969,249,57
1976,Down On The Corner,Creedence Clearwater Revival,1969,166,73
1977,Appleknockers Flophouse,Cuby & The Blizzards,1969,151,34
1978,The First Time Ever I Saw Your Face,Roberta Flack,1969,261,64
1979,Touch Me,The Doors,1969,190,68
1980,Summertime,Brainbox,1969,263,36
1981,Midnight Rambler,The Rolling Stones,1969,413,50
1982,Get Ready,Rare Earth,1969,1292,45
1983,Black Magic Woman - 2018 Remaster,Fleetwood Mac,1969,173,48
1984,Suite: Judy Blue Eyes - Remastered,"Crosby, Stills & Nash",1969,444,67
1985,Blue Suede Shoes,Elvis Presley,1956,119,62
1986,Jailhouse Rock,Elvis Presley,1958,146,73
1987,My Baby Just Cares for Me - 2013 Remastered Version,Nina Simone,1958,216,68
1988,Summertime,Louis Armstrong,1958,298,66
1989,Heartbreak Hotel,Elvis Presley,1958,128,63
1990,Hound Dog,Elvis Presley,1958,136,69
1991,Johnny B. Goode,Chuck Berry,1959,162,74
1992,Take Five,The Dave Brubeck Quartet,1959,324,65
1993,Blueberry Hill,Fats Domino,1959,148,56
